,block_id,target_gas_cost,real_gas,shown_optimal,no_model_found,source_gas_cost,saved_gas,solver_time_in_sec,target_disasm,init_progr_len,final_progr_len,number_of_necessary_uninterpreted_instructions,number_of_necessary_push,bytes_required,original_instrs,original_bytes,saved_bytes
0,0x1d29Bafa88E83a6D8F757DbFAf8BAf7be8fE08Bf_LoveVote_block91_input,6.0,714,True,False,726,12.0,0.022,PUSH 0 SLOAD PUSH ffffffffffffffffffffffffffffffffffffffff AND CALLER EQ ,6,6.0,4,2,27.0,"['PUSH1', 'SLOAD', 'PUSH1', 'PUSH1', 'PUSH1', 'SHL', 'SUB', 'AND', 'CALLER', 'EQ']",14,-13.0
1,0x1d29Bafa88E83a6D8F757DbFAf8BAf7be8fE08Bf_LoveVote_block4_input,3.0,9,True,False,9,0.0,0.017,DUP1 PUSH e520251a GT ,3,3.0,1,1,7.0,"['DUP1', 'PUSH4', 'GT']",7,0.0
2,0x1d29Bafa88E83a6D8F757DbFAf8BAf7be8fE08Bf_LoveVote_initial_block2.1_input,7.0,21,True,False,24,3.0,0.084,DUP2 ADD PUSHTAG 2 SWAP2 DUP2 PUSH 40 MSTORE ,8,7.0,3,1,12.0,"['DUP2', 'ADD', 'PUSH1', 'DUP2', 'SWAP1', 'MSTORE', 'PUSHTAG', 'SWAP2']",13,1.0
3,0x1d29Bafa88E83a6D8F757DbFAf8BAf7be8fE08Bf_Ownable_block27_input,5.0,12,True,False,12,0.0,0.027,SWAP3 POP POP POP SWAP1 ,5,5.0,0,0,5.0,"['SWAP4', 'SWAP3', 'POP', 'POP', 'POP']",5,0.0
4,0x1d29Bafa88E83a6D8F757DbFAf8BAf7be8fE08Bf_LoveVote_block181.0_input,,,False,True,16199,,210.0,,136,,49,15,,"['DUP2', 'MSTORE', 'PUSH1', 'DUP1', 'DUP3', 'ADD', 'SWAP3', 'SWAP1', 'SWAP3', 'MSTORE', 'PUSH1', 'SWAP1', 'DUP2', 'ADD', 'PUSH1', 'SWAP1', 'DUP2', 'KECCAK256', 'PUSH1', 'DUP3', 'MSTORE', 'DUP4', 'MSTORE', 'DUP2', 'DUP2', 'KECCAK256', 'SWAP4', 'SWAP1', 'SWAP4', 'SSTORE', 'DUP1', 'MLOAD', 'DUP1', 'DUP3', 'ADD', 'DUP3', 'MSTORE', 'CALLER', 'DUP1', 'DUP3', 'MSTORE', 'NUMBER', 'DUP3', 'DUP6', 'ADD', 'SWAP1', 'DUP2', 'MSTORE', 'DUP2', 'DUP7', 'MSTORE', 'PUSH1', 'DUP6', 'MSTORE', 'SWAP5', 'DUP4', 'SWAP1', 'KECCAK256', 'SWAP2', 'MLOAD', 'DUP3', 'SLOAD', 'PUSH1', 'PUSH1', 'PUSH1', 'SHL', 'SUB', 'NOT', 'AND', 'PUSH1', 'PUSH1', 'PUSH1', 'SHL', 'SUB', 'SWAP1', 'SWAP2', 'AND', 'OR', 'DUP3', 'SSTORE', 'SWAP4', 'MLOAD', 'PUSH1', 'SWAP1', 'SWAP2', 'ADD', 'SSTORE', 'DUP1', 'MLOAD', 'SWAP3', 'DUP4', 'MSTORE', 'SWAP1', 'DUP3', 'ADD', 'DUP13', 'SWAP1', 'MSTORE', 'DUP2', 'ADD', 'DUP11', 'SWAP1', 'MSTORE', 'PUSH1', 'DUP2', 'ADD', 'DUP10', 'SWAP1', 'MSTORE', 'PUSH1', 'DUP2', 'ADD', 'DUP9', 'SWAP1', 'MSTORE', 'PUSH1', 'DUP2', 'ADD', 'DUP8', 'SWAP1', 'MSTORE', 'PUSH1', 'DUP2', 'ADD', 'DUP7', 'SWAP1', 'MSTORE', 'DUP5', 'ISZERO', 'ISZERO', 'PUSH1', 'DUP3', 'ADD', 'MSTORE', 'PUSH32', 'SWAP1', 'PUSH2', 'ADD', 'PUSH1', 'MLOAD', 'DUP1', 'SWAP2', 'SUB', 'SWAP1']",196,
5,0x1d29Bafa88E83a6D8F757DbFAf8BAf7be8fE08Bf_LoveVote_block240_input,,,False,True,108,,40.022,,30,,11,7,,"['PUSH1', 'MLOAD', 'PUSH1', 'PUSH1', 'PUSH1', 'SHL', 'SUB', 'DUP1', 'DUP6', 'AND', 'PUSH1', 'DUP4', 'ADD', 'MSTORE', 'DUP4', 'AND', 'PUSH1', 'DUP3', 'ADD', 'MSTORE', 'PUSH1', 'DUP2', 'ADD', 'DUP3', 'SWAP1', 'MSTORE', 'PUSHTAG', 'SWAP1', 'DUP6', 'SWAP1', 'PUSH4', 'PUSH1', 'SHL', 'SWAP1', 'PUSH1', 'ADD']",53,
6,0x1d29Bafa88E83a6D8F757DbFAf8BAf7be8fE08Bf_LoveVote_block198_input,7.0,717,True,False,717,0.0,0.04,TIMESTAMP DUP2 PUSH 5 ADD SLOAD LT ISZERO ,7,7.0,5,1,8.0,"['TIMESTAMP', 'DUP2', 'PUSH1', 'ADD', 'SLOAD', 'LT', 'ISZERO']",8,0.0
7,0x1d29Bafa88E83a6D8F757DbFAf8BAf7be8fE08Bf_LoveVote_block35_input,6.0,18,True,False,18,0.0,0.025,PUSH 40 MLOAD DUP1 SWAP2 SUB SWAP1 ,6,6.0,2,1,7.0,"['PUSH1', 'MLOAD', 'DUP1', 'SWAP2', 'SUB', 'SWAP1']",7,0.0
8,0x1d29Bafa88E83a6D8F757DbFAf8BAf7be8fE08Bf_LoveVote_block176_input,,,False,True,56024,,200.0,,241,,86,23,,"['PUSH1', 'PUSH1', 'MLOAD', 'DUP1', 'PUSH2', 'ADD', 'PUSH1', 'MSTORE', 'DUP1', 'DUP7', 'ISZERO', 'ISZERO', 'DUP2', 'MSTORE', 'PUSH1', 'ADD', 'CALLER', 'PUSH1', 'PUSH1', 'PUSH1', 'SHL', 'SUB', 'AND', 'DUP2', 'MSTORE', 'PUSH1', 'ADD', 'DUP13', 'DUP2', 'MSTORE', 'PUSH1', 'ADD', 'PUSH1', 'DUP2', 'MSTORE', 'PUSH1', 'ADD', 'PUSH1', 'ISZERO', 'ISZERO', 'DUP2', 'MSTORE', 'PUSH1', 'ADD', 'PUSH1', 'ISZERO', 'ISZERO', 'DUP2', 'MSTORE', 'PUSH1', 'ADD', 'TIMESTAMP', 'DUP2', 'MSTORE', 'PUSH1', 'ADD', 'DUP4', 'DUP2', 'MSTORE', 'PUSH1', 'ADD', 'PUSH1', 'PUSH1', 'AND', 'DUP2', 'MSTORE', 'POP', 'SWAP1', 'DUP1', 'PUSH1', 'DUP2', 'SLOAD', 'ADD', 'DUP1', 'DUP3', 'SSTORE', 'DUP1', 'SWAP2', 'POP', 'POP', 'PUSH1', 'SWAP1', 'SUB', 'SWAP1', 'PUSH1', 'MSTORE', 'PUSH1', 'PUSH1', 'KECCAK256', 'SWAP1', 'PUSH1', 'MUL', 'ADD', 'PUSH1', 'SWAP1', 'SWAP2', 'SWAP1', 'SWAP2', 'SWAP1', 'SWAP2', 'POP', 'PUSH1', 'DUP3', 'ADD', 'MLOAD', 'DUP2', 'PUSH1', 'ADD', 'PUSH1', 'PUSH2', 'EXP', 'DUP2', 'SLOAD', 'DUP2', 'PUSH1', 'MUL', 'NOT', 'AND', 'SWAP1', 'DUP4', 'ISZERO', 'ISZERO', 'MUL', 'OR', 'SWAP1', 'SSTORE', 'POP', 'PUSH1', 'DUP3', 'ADD', 'MLOAD', 'DUP2', 'PUSH1', 'ADD', 'PUSH1', 'PUSH2', 'EXP', 'DUP2', 'SLOAD', 'DUP2', 'PUSH1', 'PUSH1', 'PUSH1', 'SHL', 'SUB', 'MUL', 'NOT', 'AND', 'SWAP1', 'DUP4', 'PUSH1', 'PUSH1', 'PUSH1', 'SHL', 'SUB', 'AND', 'MUL', 'OR', 'SWAP1', 'SSTORE', 'POP', 'PUSH1', 'DUP3', 'ADD', 'MLOAD', 'DUP2', 'PUSH1', 'ADD', 'SSTORE', 'PUSH1', 'DUP3', 'ADD', 'MLOAD', 'DUP2', 'PUSH1', 'ADD', 'SSTORE', 'PUSH1', 'DUP3', 'ADD', 'MLOAD', 'DUP2', 'PUSH1', 'ADD', 'PUSH1', 'PUSH2', 'EXP', 'DUP2', 'SLOAD', 'DUP2', 'PUSH1', 'MUL', 'NOT', 'AND', 'SWAP1', 'DUP4', 'ISZERO', 'ISZERO', 'MUL', 'OR', 'SWAP1', 'SSTORE', 'POP', 'PUSH1', 'DUP3', 'ADD', 'MLOAD', 'DUP2', 'PUSH1', 'ADD', 'PUSH1', 'PUSH2', 'EXP', 'DUP2', 'SLOAD', 'DUP2', 'PUSH1', 'MUL', 'NOT', 'AND', 'SWAP1', 'DUP4', 'ISZERO', 'ISZERO', 'MUL', 'OR', 'SWAP1', 'SSTORE', 'POP', 'PUSH1', 'DUP3', 'ADD', 'MLOAD', 'DUP2', 'PUSH1', 'ADD', 'SSTORE', 'PUSH1', 'DUP3', 'ADD', 'MLOAD', 'DUP2', 'PUSH1', 'ADD', 'SSTORE', 'PUSH2', 'DUP3', 'ADD', 'MLOAD', 'DUP2', 'PUSH1', 'ADD', 'PUSH1', 'PUSH2', 'EXP', 'DUP2', 'SLOAD', 'DUP2', 'PUSH1', 'MUL', 'NOT', 'AND', 'SWAP1', 'DUP4', 'PUSH1', 'AND', 'MUL', 'OR', 'SWAP1', 'SSTORE', 'POP', 'POP', 'POP', 'DUP9', 'PUSH1', 'PUSH1', 'PUSH1', 'PUSH1', 'DUP1', 'SLOAD', 'SWAP1', 'POP', 'PUSHTAG', 'SWAP2', 'SWAP1']",366,
9,0x1d29Bafa88E83a6D8F757DbFAf8BAf7be8fE08Bf_LoveVote_block209_input,,,False,True,5158,,60.011,,36,,11,5,,"['ADD', 'SSTORE', 'CALLER', 'PUSH1', 'SWAP1', 'DUP2', 'MSTORE', 'PUSH1', 'PUSH1', 'DUP2', 'DUP2', 'MSTORE', 'PUSH1', 'DUP1', 'DUP5', 'KECCAK256', 'DUP11', 'DUP6', 'MSTORE', 'SWAP1', 'SWAP2', 'MSTORE', 'SWAP1', 'SWAP2', 'KECCAK256', 'PUSHTAG', 'SWAP2', 'DUP7', 'SWAP2', 'SWAP1', 'PUSH1', 'DUP10', 'AND', 'SWAP1', 'DUP2', 'LT']",45,
10,0x1d29Bafa88E83a6D8F757DbFAf8BAf7be8fE08Bf_LoveVote_initial_block3.0_input,15.0,5737,True,False,5771,34.0,3.664,CALLER DUP1 CALLER PUSH 0 SLOAD PUSH ffffffffffffffffffffffff0000000000000000000000000000000000000000 AND OR PUSH 0 SSTORE PUSH 0 PUSH 8be0079c531659141344cd1fd0a4f28419497f9722a3daafe3b4186f6b6457e0 PUSH 0 PUSH 40 MLOAD ,22,15.0,6,4,84.0,"['PUSH1', 'DUP1', 'SLOAD', 'PUSH1', 'PUSH1', 'PUSH1', 'SHL', 'SUB', 'NOT', 'AND', 'CALLER', 'SWAP1', 'DUP2', 'OR', 'DUP3', 'SSTORE', 'PUSH1', 'MLOAD', 'SWAP1', 'SWAP2', 'DUP3', 'SWAP2', 'PUSH32', 'SWAP1', 'DUP3', 'SWAP1']",63,-21.0
11,0x1d29Bafa88E83a6D8F757DbFAf8BAf7be8fE08Bf_LoveVote_block6_input,3.0,9,True,False,9,0.0,0.018,PUSH f0ec9430 DUP2 EQ ,3,3.0,1,1,7.0,"['DUP1', 'PUSH4', 'EQ']",7,0.0
12,0x1d29Bafa88E83a6D8F757DbFAf8BAf7be8fE08Bf_Ownable_block3_input,7.0,21,True,False,21,0.0,0.022,PUSH 0 CALLDATALOAD PUSH e0 SHR PUSH 715018a6 DUP2 EQ ,7,7.0,3,3,13.0,"['PUSH1', 'CALLDATALOAD', 'PUSH1', 'SHR', 'DUP1', 'PUSH4', 'EQ']",13,0.0
13,0x1d29Bafa88E83a6D8F757DbFAf8BAf7be8fE08Bf_LoveVote_block241_input,4.0,8,True,False,8,0.0,0.021,POP POP POP POP ,4,4.0,0,0,4.0,"['POP', 'POP', 'POP', 'POP']",4,0.0
14,0x1d29Bafa88E83a6D8F757DbFAf8BAf7be8fE08Bf_LoveVote_block303_input,9.0,27,True,False,27,0.0,0.112,PUSH 0 DUP1 PUSH 0 PUSH 60 DUP5 DUP7 SUB SLT ISZERO ,9,9.0,3,2,12.0,"['PUSH1', 'DUP1', 'PUSH1', 'PUSH1', 'DUP5', 'DUP7', 'SUB', 'SLT', 'ISZERO']",12,0.0
15,0x1d29Bafa88E83a6D8F757DbFAf8BAf7be8fE08Bf_LoveVote_block188_input,5.0,15,True,False,15,0.0,0.022,PUSH 5 PUSH ff DUP5 AND LT ,5,5.0,2,2,7.0,"['PUSH1', 'DUP4', 'PUSH1', 'AND', 'LT']",7,0.0
16,0x1d29Bafa88E83a6D8F757DbFAf8BAf7be8fE08Bf_LoveVote_block312_input,16.0,48,True,False,57,9.0,1.354,PUSH 12 PUSH 20 DUP3 MSTORE DUP2 PUSH 20 ADD MSTORE PUSH 5065726d697373696f6e2064656e696564210000000000000000000000000000 PUSH 40 DUP3 ADD MSTORE PUSH 60 ADD SWAP1 ,17,16.0,6,5,53.0,"['PUSH1', 'DUP1', 'DUP3', 'MSTORE', 'PUSH1', 'SWAP1', 'DUP3', 'ADD', 'MSTORE', 'PUSH18', 'PUSH1', 'SHL', 'PUSH1', 'DUP3', 'ADD', 'MSTORE', 'PUSH1', 'ADD', 'SWAP1']",42,-11.0
17,0x1d29Bafa88E83a6D8F757DbFAf8BAf7be8fE08Bf_LoveVote_block93.1_input,7.0,5715,True,False,5730,15.0,0.052,PUSH 0 PUSH ffffffffffffffffffffffff0000000000000000000000000000000000000000 SWAP1 SLOAD AND PUSH 0 SSTORE ,8,7.0,3,2,41.0,"['PUSH1', 'DUP1', 'SLOAD', 'PUSH1', 'PUSH1', 'PUSH1', 'SHL', 'SUB', 'NOT', 'AND', 'SWAP1', 'SSTORE']",16,-25.0
18,0x1d29Bafa88E83a6D8F757DbFAf8BAf7be8fE08Bf_Context_block0_input,3.0,9,True,False,9,0.0,0.018,PUSH 80 PUSH 40 MSTORE ,3,3.0,1,2,5.0,"['PUSH1', 'PUSH1', 'MSTORE']",5,0.0
19,0x1d29Bafa88E83a6D8F757DbFAf8BAf7be8fE08Bf_LoveVote_block290_input,7.0,21,True,False,21,0.0,0.045,PUSH 0 PUSH 20 DUP3 DUP5 SUB SLT ISZERO ,7,7.0,3,2,9.0,"['PUSH1', 'PUSH1', 'DUP3', 'DUP5', 'SUB', 'SLT', 'ISZERO']",9,0.0
20,0x1d29Bafa88E83a6D8F757DbFAf8BAf7be8fE08Bf_LoveVote_block164.1_input,3.0,9,True,False,9,0.0,0.02,ISZERO DUP1 ISZERO ,3,3.0,2,0,3.0,"['ISZERO', 'DUP1', 'ISZERO']",3,0.0
21,0x1d29Bafa88E83a6D8F757DbFAf8BAf7be8fE08Bf_LoveVote_block134_input,22.0,66,True,False,72,6.0,2.194,PUSH 40 MLOAD PUSH 20 PUSH 8c379a000000000000000000000000000000000000000000000000000000000 DUP3 MSTORE DUP2 PUSH 4 ADD MSTORE PUSH 566f74696e672074696d65206973206e6f742079657420757021000000000000 PUSH 1a PUSH 24 DUP4 ADD MSTORE PUSH 44 DUP3 ADD MSTORE PUSH 64 ADD ,22,22.0,9,9,93.0,"['PUSH1', 'MLOAD', 'PUSH3', 'PUSH1', 'SHL', 'DUP2', 'MSTORE', 'PUSH1', 'PUSH1', 'DUP3', 'ADD', 'MSTORE', 'PUSH1', 'PUSH1', 'DUP3', 'ADD', 'MSTORE', 'PUSH32', 'PUSH1', 'DUP3', 'ADD', 'MSTORE', 'PUSH1', 'ADD']",67,-26.0
22,0x1d29Bafa88E83a6D8F757DbFAf8BAf7be8fE08Bf_LoveVote_block317_input,6.0,16,True,False,16,0.0,0.028,SWAP2 POP POP PUSH 1 ADD SWAP1 ,6,6.0,1,1,7.0,"['PUSH1', 'ADD', 'SWAP3', 'SWAP2', 'POP', 'POP']",7,0.0
23,0x1d29Bafa88E83a6D8F757DbFAf8BAf7be8fE08Bf_LoveVote_block324_input,3.0,8,True,False,8,0.0,0.021,POP ADD SWAP1 ,3,3.0,1,0,3.0,"['POP', 'ADD', 'SWAP1']",3,0.0
24,0x1d29Bafa88E83a6D8F757DbFAf8BAf7be8fE08Bf_LoveVote_block87_input,13.0,761,True,False,767,6.0,1.03,POP PUSH 3 PUSH 20 MSTORE PUSH 40 PUSH 0 KECCAK256 SLOAD CALLER PUSH 0 MSTORE PUSH ff AND ,15,13.0,6,5,19.0,"['POP', 'CALLER', 'PUSH1', 'SWAP1', 'DUP2', 'MSTORE', 'PUSH1', 'PUSH1', 'MSTORE', 'PUSH1', 'SWAP1', 'KECCAK256', 'SLOAD', 'PUSH1', 'AND']",20,1.0
25,0x1d29Bafa88E83a6D8F757DbFAf8BAf7be8fE08Bf_LoveVote_block252_input,1.0,2,True,False,2,0.0,0.013,POP ,1,1.0,0,0,1.0,['POP'],1,0.0
26,0x1d29Bafa88E83a6D8F757DbFAf8BAf7be8fE08Bf_LoveVote_block156_input,12.0,759,True,False,765,6.0,0.248,PUSH 3 PUSH 20 MSTORE CALLER PUSH 0 MSTORE PUSH 40 PUSH 0 KECCAK256 SLOAD PUSH ff AND ,14,12.0,6,5,18.0,"['CALLER', 'PUSH1', 'SWAP1', 'DUP2', 'MSTORE', 'PUSH1', 'PUSH1', 'MSTORE', 'PUSH1', 'SWAP1', 'KECCAK256', 'SLOAD', 'PUSH1', 'AND']",19,1.0
27,0x1d29Bafa88E83a6D8F757DbFAf8BAf7be8fE08Bf_LoveVote_block116_input,,,False,True,5149,,60.003,,33,,10,6,,"['PUSH1', 'DUP4', 'ADD', 'SSTORE', 'CALLER', 'PUSH1', 'SWAP1', 'DUP2', 'MSTORE', 'PUSH1', 'PUSH1', 'DUP2', 'DUP2', 'MSTORE', 'PUSH1', 'DUP1', 'DUP5', 'KECCAK256', 'DUP10', 'DUP6', 'MSTORE', 'SWAP1', 'SWAP2', 'MSTORE', 'DUP3', 'KECCAK256', 'SWAP1', 'PUSH1', 'DUP5', 'AND', 'SWAP1', 'DUP2', 'LT']",39,
28,0x1d29Bafa88E83a6D8F757DbFAf8BAf7be8fE08Bf_LoveVote_block189_input,22.0,66,True,False,72,6.0,2.172,PUSH 40 MLOAD PUSH 20 PUSH 8c379a000000000000000000000000000000000000000000000000000000000 DUP3 MSTORE DUP2 PUSH 4 ADD MSTORE PUSH 546865206f7074696f6e20646f6573206e6f7420657869737421000000000000 PUSH 1a PUSH 24 DUP4 ADD MSTORE PUSH 44 DUP3 ADD MSTORE PUSH 64 ADD ,22,22.0,9,9,93.0,"['PUSH1', 'MLOAD', 'PUSH3', 'PUSH1', 'SHL', 'DUP2', 'MSTORE', 'PUSH1', 'PUSH1', 'DUP3', 'ADD', 'MSTORE', 'PUSH1', 'PUSH1', 'DUP3', 'ADD', 'MSTORE', 'PUSH32', 'PUSH1', 'DUP3', 'ADD', 'MSTORE', 'PUSH1', 'ADD']",67,-26.0
29,0x1d29Bafa88E83a6D8F757DbFAf8BAf7be8fE08Bf_LoveVote_block106_input,6.0,18,True,False,18,0.0,0.023,PUSH 5 DUP2 PUSH ff AND LT ISZERO ,6,6.0,3,2,8.0,"['PUSH1', 'DUP2', 'PUSH1', 'AND', 'LT', 'ISZERO']",8,0.0
30,0x1d29Bafa88E83a6D8F757DbFAf8BAf7be8fE08Bf_LoveVote_block20_input,3.0,9,True,False,9,0.0,0.019,PUSH 8ef10018 DUP2 EQ ,3,3.0,1,1,7.0,"['DUP1', 'PUSH4', 'EQ']",7,0.0
31,0x1d29Bafa88E83a6D8F757DbFAf8BAf7be8fE08Bf_LoveVote_block225_input,,,False,True,123,,40.018,,33,,11,5,,"['PUSH1', 'DUP1', 'MLOAD', 'PUSH1', 'NOT', 'DUP2', 'DUP5', 'SUB', 'ADD', 'DUP2', 'MSTORE', 'SWAP2', 'SWAP1', 'MSTORE', 'PUSH1', 'DUP2', 'ADD', 'DUP1', 'MLOAD', 'PUSH1', 'PUSH1', 'PUSH1', 'SHL', 'SUB', 'AND', 'PUSH1', 'PUSH1', 'PUSH1', 'SHL', 'SUB', 'NOT', 'SWAP1', 'SWAP4', 'AND', 'SWAP3', 'SWAP1', 'SWAP3', 'OR', 'SWAP1', 'SWAP2', 'MSTORE']",50,
32,0x1d29Bafa88E83a6D8F757DbFAf8BAf7be8fE08Bf_LoveVote_block22_input,3.0,9,True,False,9,0.0,0.018,PUSH aa33ab1b DUP2 EQ ,3,3.0,1,1,7.0,"['DUP1', 'PUSH4', 'EQ']",7,0.0
33,0x1d29Bafa88E83a6D8F757DbFAf8BAf7be8fE08Bf_LoveVote_block297_input,8.0,23,True,False,23,0.0,0.104,DUP3 CALLDATALOAD SWAP2 POP DUP3 PUSH 20 ADD CALLDATALOAD ,8,8.0,3,1,9.0,"['DUP3', 'CALLDATALOAD', 'SWAP2', 'POP', 'PUSH1', 'DUP4', 'ADD', 'CALLDATALOAD']",9,0.0
34,0x1d29Bafa88E83a6D8F757DbFAf8BAf7be8fE08Bf_LoveVote_block57_input,3.0,706,True,False,706,0.0,0.018,PUSHTAG 28 PUSH 1 SLOAD ,3,3.0,2,1,8.0,"['PUSHTAG', 'PUSH1', 'SLOAD']",8,0.0
35,0x1d29Bafa88E83a6D8F757DbFAf8BAf7be8fE08Bf_LoveVote_block9_input,3.0,9,True,False,9,0.0,0.017,PUSH fe7096e7 DUP2 EQ ,3,3.0,1,1,7.0,"['DUP1', 'PUSH4', 'EQ']",7,0.0
36,0x1d29Bafa88E83a6D8F757DbFAf8BAf7be8fE08Bf_LoveVote_block120.0_input,,,False,True,829,,50.067,,40,,15,6,,"['ADD', 'SLOAD', 'PUSH1', 'DUP1', 'MLOAD', 'PUSH1', 'PUSH1', 'PUSH1', 'SHL', 'SUB', 'SWAP6', 'SWAP1', 'SWAP6', 'AND', 'DUP6', 'MSTORE', 'PUSH1', 'DUP6', 'ADD', 'SWAP4', 'SWAP1', 'SWAP4', 'MSTORE', 'PUSH1', 'SWAP2', 'SWAP1', 'SWAP2', 'AND', 'DUP4', 'DUP4', 'ADD', 'MSTORE', 'PUSH1', 'DUP4', 'ADD', 'MSTORE', 'MLOAD', 'SWAP1', 'DUP2', 'SWAP1', 'SUB', 'PUSH1', 'ADD', 'SWAP1']",52,
37,0x1d29Bafa88E83a6D8F757DbFAf8BAf7be8fE08Bf_LoveVote_block245_input,,,False,True,101,,40.017,,30,,10,6,,"['PUSH1', 'PUSHTAG', 'DUP3', 'PUSH1', 'MLOAD', 'DUP1', 'PUSH1', 'ADD', 'PUSH1', 'MSTORE', 'DUP1', 'PUSH1', 'DUP2', 'MSTORE', 'PUSH1', 'ADD', 'PUSH32', 'DUP2', 'MSTORE', 'POP', 'DUP6', 'PUSH1', 'PUSH1', 'PUSH1', 'SHL', 'SUB', 'AND', 'PUSHTAG', 'SWAP1', 'SWAP3', 'SWAP2', 'SWAP1', 'PUSH4', 'AND']",87,
38,0x1d29Bafa88E83a6D8F757DbFAf8BAf7be8fE08Bf_SafeERC20_initial_block0.0_input,6.0,18,True,False,18,0.0,0.042,PUSH#[$] 0 PUSH[$] 0 PUSH b PUSH#[$] 0 PUSH[$] 0 PUSH b ,6,6.0,2,1,24.0,"['PUSH#[$]', 'PUSH[$]', 'PUSH1', 'DUP3', 'DUP3', 'DUP3']",15,-9.0
39,0x1d29Bafa88E83a6D8F757DbFAf8BAf7be8fE08Bf_LoveVote_block259_input,6.0,14,True,False,14,0.0,0.027,SWAP5 SWAP4 POP POP POP POP ,6,6.0,0,0,6.0,"['SWAP5', 'SWAP4', 'POP', 'POP', 'POP', 'POP']",6,0.0
40,0x1d29Bafa88E83a6D8F757DbFAf8BAf7be8fE08Bf_LoveVote_block254_input,5.0,12,True,False,12,0.0,0.026,SWAP3 POP POP POP SWAP1 ,5,5.0,0,0,5.0,"['SWAP4', 'SWAP3', 'POP', 'POP', 'POP']",5,0.0
41,0x1d29Bafa88E83a6D8F757DbFAf8BAf7be8fE08Bf_SafeMath_initial_block2_input,6.0,17,True,False,17,0.0,0.024,ADDRESS PUSH 0 MSTORE PUSH 73 DUP2 MSTORE8 ,6,6.0,3,2,8.0,"['ADDRESS', 'PUSH1', 'MSTORE', 'PUSH1', 'DUP2', 'MSTORE8']",8,0.0
42,0x1d29Bafa88E83a6D8F757DbFAf8BAf7be8fE08Bf_LoveVote_block97_input,5.0,712,True,False,715,3.0,0.031,DUP1 PUSH 8 SLOAD DUP3 LT ,6,5.0,2,1,6.0,"['PUSH1', 'SLOAD', 'DUP2', 'SWAP1', 'DUP2', 'LT']",7,1.0
43,0x1d29Bafa88E83a6D8F757DbFAf8BAf7be8fE08Bf_LoveVote_block8_input,3.0,9,True,False,9,0.0,0.018,PUSH f2fde38b DUP2 EQ ,3,3.0,1,1,7.0,"['DUP1', 'PUSH4', 'EQ']",7,0.0
44,0x1d29Bafa88E83a6D8F757DbFAf8BAf7be8fE08Bf_LoveVote_block334_input,7.0,21,True,False,21,0.0,0.044,PUSH 0 PUSH 20 DUP3 DUP5 SUB SLT ISZERO ,7,7.0,3,2,9.0,"['PUSH1', 'PUSH1', 'DUP3', 'DUP5', 'SUB', 'SLT', 'ISZERO']",9,0.0
45,0x1d29Bafa88E83a6D8F757DbFAf8BAf7be8fE08Bf_LoveVote_block131_input,9.0,27,True,False,33,6.0,0.03,PUSH 40 MLOAD PUSH 8c379a000000000000000000000000000000000000000000000000000000000 DUP2 MSTORE PUSHTAG 121 SWAP1 PUSH 4 ADD ,9,9.0,4,3,47.0,"['PUSH1', 'MLOAD', 'PUSH3', 'PUSH1', 'SHL', 'DUP2', 'MSTORE', 'PUSH1', 'ADD', 'PUSHTAG', 'SWAP1']",21,-26.0
46,0x1d29Bafa88E83a6D8F757DbFAf8BAf7be8fE08Bf_Ownable_block19_input,1.0,2,True,False,2,0.0,0.016,POP ,1,1.0,0,0,1.0,['POP'],1,0.0
47,0x1d29Bafa88E83a6D8F757DbFAf8BAf7be8fE08Bf_LoveVote_block164.0_input,2.0,4,True,False,4,0.0,0.017,POP GAS ,2,2.0,1,0,2.0,"['POP', 'GAS']",2,0.0
48,0x1d29Bafa88E83a6D8F757DbFAf8BAf7be8fE08Bf_LoveVote_block235_input,1.0,3,True,False,3,0.0,0.02,EQ ,1,1.0,1,0,1.0,['EQ'],1,0.0
49,0x1d29Bafa88E83a6D8F757DbFAf8BAf7be8fE08Bf_LoveVote_block165.0_input,3.0,8,True,False,8,0.0,0.015,RETURNDATASIZE PUSH 0 PUSH 0 ,3,3.0,1,1,5.0,"['RETURNDATASIZE', 'PUSH1', 'DUP1']",4,-1.0
50,0x1d29Bafa88E83a6D8F757DbFAf8BAf7be8fE08Bf_LoveVote_block342_input,19.0,57,True,False,57,0.0,3.544,PUSH 20 DUP2 MSTORE PUSH 0 DUP3 MLOAD DUP1 PUSH 20 DUP5 ADD MSTORE PUSHTAG 472 DUP2 PUSH 40 DUP6 ADD PUSH 20 DUP8 ADD ,19,19.0,7,3,28.0,"['PUSH1', 'DUP2', 'MSTORE', 'PUSH1', 'DUP3', 'MLOAD', 'DUP1', 'PUSH1', 'DUP5', 'ADD', 'MSTORE', 'PUSHTAG', 'DUP2', 'PUSH1', 'DUP6', 'ADD', 'PUSH1', 'DUP8', 'ADD']",28,0.0
51,0x1d29Bafa88E83a6D8F757DbFAf8BAf7be8fE08Bf_LoveVote_block157_input,9.0,27,True,False,33,6.0,0.032,PUSH 40 MLOAD PUSH 8c379a000000000000000000000000000000000000000000000000000000000 DUP2 MSTORE PUSHTAG 121 SWAP1 PUSH 4 ADD ,9,9.0,4,3,47.0,"['PUSH1', 'MLOAD', 'PUSH3', 'PUSH1', 'SHL', 'DUP2', 'MSTORE', 'PUSH1', 'ADD', 'PUSHTAG', 'SWAP1']",21,-26.0
52,0x1d29Bafa88E83a6D8F757DbFAf8BAf7be8fE08Bf_LoveVote_block194_input,,,False,True,791,,20.016,,22,,7,5,,"['PUSH1', 'SWAP2', 'DUP3', 'MSTORE', 'PUSH1', 'SWAP1', 'SWAP2', 'KECCAK256', 'PUSH1', 'SWAP1', 'SWAP2', 'MUL', 'ADD', 'PUSH1', 'DUP2', 'ADD', 'SLOAD', 'SWAP1', 'SWAP2', 'POP', 'PUSH1', 'AND']",27,
53,0x1d29Bafa88E83a6D8F757DbFAf8BAf7be8fE08Bf_LoveVote_block126_input,7.0,718,True,False,718,0.0,0.051,PUSH 0 PUSH 8 DUP5 DUP2 SLOAD DUP7 LT ,7,7.0,2,2,9.0,"['PUSH1', 'PUSH1', 'DUP5', 'DUP2', 'SLOAD', 'DUP2', 'LT']",9,0.0
54,0x1d29Bafa88E83a6D8F757DbFAf8BAf7be8fE08Bf_LoveVote_block60_input,,,False,True,189,,100.0,,59,,27,11,,"['PUSH1', 'DUP1', 'MLOAD', 'SWAP10', 'ISZERO', 'ISZERO', 'DUP11', 'MSTORE', 'PUSH1', 'PUSH1', 'PUSH1', 'SHL', 'SUB', 'SWAP1', 'SWAP9', 'AND', 'PUSH1', 'DUP11', 'ADD', 'MSTORE', 'SWAP7', 'DUP9', 'ADD', 'SWAP6', 'SWAP1', 'SWAP6', 'MSTORE', 'PUSH1', 'DUP8', 'ADD', 'SWAP4', 'SWAP1', 'SWAP4', 'MSTORE', 'SWAP1', 'ISZERO', 'ISZERO', 'PUSH1', 'DUP7', 'ADD', 'MSTORE', 'ISZERO', 'ISZERO', 'PUSH1', 'DUP6', 'ADD', 'MSTORE', 'PUSH1', 'DUP5', 'ADD', 'MSTORE', 'PUSH1', 'DUP4', 'ADD', 'MSTORE', 'PUSH1', 'AND', 'PUSH2', 'DUP3', 'ADD', 'MSTORE', 'PUSH2', 'ADD']",78,
55,0x1d29Bafa88E83a6D8F757DbFAf8BAf7be8fE08Bf_LoveVote_block159_input,6.0,715,True,False,715,0.0,0.025,PUSH 8 DUP2 PUSH 8 SLOAD DUP4 LT ,6,6.0,2,1,8.0,"['PUSH1', 'DUP2', 'DUP2', 'SLOAD', 'DUP2', 'LT']",7,-1.0
56,0x1d29Bafa88E83a6D8F757DbFAf8BAf7be8fE08Bf_LoveVote_block322_input,6.0,18,True,False,18,0.0,0.033,PUSH 0 DUP3 NOT DUP3 GT ISZERO ,6,6.0,3,1,7.0,"['PUSH1', 'DUP3', 'NOT', 'DUP3', 'GT', 'ISZERO']",7,0.0
57,0x1d29Bafa88E83a6D8F757DbFAf8BAf7be8fE08Bf_LoveVote_block213.0_input,,,False,True,5107,,60.027,,37,,15,6,,"['ADD', 'SSTORE', 'PUSH1', 'DUP1', 'MLOAD', 'CALLER', 'DUP2', 'MSTORE', 'PUSH1', 'DUP2', 'ADD', 'DUP9', 'SWAP1', 'MSTORE', 'PUSH1', 'DUP8', 'AND', 'DUP2', 'DUP4', 'ADD', 'MSTORE', 'PUSH1', 'DUP2', 'ADD', 'DUP7', 'SWAP1', 'MSTORE', 'SWAP1', 'MLOAD', 'PUSH32', 'SWAP2', 'DUP2', 'SWAP1', 'SUB', 'PUSH1', 'ADD', 'SWAP1']",74,
58,0x1d29Bafa88E83a6D8F757DbFAf8BAf7be8fE08Bf_Ownable_block12_input,6.0,714,True,False,726,12.0,0.02,PUSH 0 SLOAD PUSH ffffffffffffffffffffffffffffffffffffffff AND CALLER EQ ,6,6.0,4,2,27.0,"['PUSH1', 'SLOAD', 'PUSH1', 'PUSH1', 'PUSH1', 'SHL', 'SUB', 'AND', 'CALLER', 'EQ']",14,-13.0
59,0x1d29Bafa88E83a6D8F757DbFAf8BAf7be8fE08Bf_LoveVote_block256_input,10.0,30,True,False,36,6.0,0.14,PUSH 40 MLOAD PUSH 8c379a000000000000000000000000000000000000000000000000000000000 DUP2 MSTORE PUSH 4 ADD SWAP1 PUSHTAG 121 SWAP2 ,10,10.0,4,3,48.0,"['PUSH1', 'MLOAD', 'PUSH3', 'PUSH1', 'SHL', 'DUP2', 'MSTORE', 'PUSH1', 'ADD', 'PUSHTAG', 'SWAP2', 'SWAP1']",22,-26.0
60,0x1d29Bafa88E83a6D8F757DbFAf8BAf7be8fE08Bf_LoveVote_block135_input,8.0,722,True,False,737,15.0,0.081,PUSH ffffffffffffffffffffffffffffffffffffffff PUSH 100 DUP3 SLOAD DIV AND CALLER EQ ,9,8.0,5,2,30.0,"['DUP1', 'SLOAD', 'PUSH2', 'SWAP1', 'DIV', 'PUSH1', 'PUSH1', 'PUSH1', 'SHL', 'SUB', 'AND', 'CALLER', 'EQ']",18,-12.0
61,0x1d29Bafa88E83a6D8F757DbFAf8BAf7be8fE08Bf_LoveVote_block192_input,7.0,718,True,False,718,0.0,0.087,PUSH 0 PUSH 8 DUP6 DUP2 SLOAD DUP8 LT ,7,7.0,2,2,9.0,"['PUSH1', 'PUSH1', 'DUP6', 'DUP2', 'SLOAD', 'DUP2', 'LT']",9,0.0
62,0x1d29Bafa88E83a6D8F757DbFAf8BAf7be8fE08Bf_LoveVote_block265.1_input,8.0,19,True,False,23,4.0,0.464,SWAP3 POP POP POP RETURNDATASIZE DUP1 RETURNDATASIZE ISZERO ,8,8.0,2,0,8.0,"['SWAP3', 'POP', 'POP', 'POP', 'RETURNDATASIZE', 'DUP1', 'PUSH1', 'DUP2', 'EQ']",10,2.0
63,0x1d29Bafa88E83a6D8F757DbFAf8BAf7be8fE08Bf_LoveVote_block238_input,6.0,17,True,False,17,0.0,0.06,SWAP1 POP DUP4 DUP2 LT ISZERO ,6,6.0,2,0,6.0,"['SWAP1', 'POP', 'DUP4', 'DUP2', 'LT', 'ISZERO']",6,0.0
64,0x1d29Bafa88E83a6D8F757DbFAf8BAf7be8fE08Bf_LoveVote_block201_input,30.0,5811,False,False,5838,27.0,59.975,PUSH 40 PUSH 0 KECCAK256 SWAP5 PUSH 2 DUP4 ADD DUP8 PUSH 0 MSTORE SWAP2 PUSH 9 PUSH ff DUP4 SWAP1 SWAP4 SWAP9 SWAP4 AND PUSH 0 MSTORE PUSH 20 MSTORE PUSHTAG 276 DUP3 PUSH 20 MSTORE SWAP3 SSTORE SLOAD ,30,30.0,10,6,43.0,"['PUSH1', 'DUP3', 'ADD', 'SSTORE', 'PUSH1', 'DUP6', 'DUP2', 'MSTORE', 'PUSH1', 'PUSH1', 'SWAP1', 'DUP2', 'MSTORE', 'PUSH1', 'DUP1', 'DUP4', 'KECCAK256', 'PUSH1', 'DUP9', 'AND', 'DUP5', 'MSTORE', 'SWAP1', 'SWAP2', 'MSTORE', 'SWAP1', 'KECCAK256', 'SLOAD', 'PUSHTAG', 'SWAP1']",40,-3.0
65,0x1d29Bafa88E83a6D8F757DbFAf8BAf7be8fE08Bf_LoveVote_block325_input,5.0,15,True,False,15,0.0,0.044,PUSH 0 DUP3 DUP3 LT ISZERO ,5,5.0,2,1,6.0,"['PUSH1', 'DUP3', 'DUP3', 'LT', 'ISZERO']",6,0.0
66,0x1d29Bafa88E83a6D8F757DbFAf8BAf7be8fE08Bf_LoveVote_block82_input,9.0,27,True,False,33,6.0,0.032,PUSH 40 MLOAD PUSH 8c379a000000000000000000000000000000000000000000000000000000000 DUP2 MSTORE PUSHTAG 121 SWAP1 PUSH 4 ADD ,9,9.0,4,3,47.0,"['PUSH1', 'MLOAD', 'PUSH3', 'PUSH1', 'SHL', 'DUP2', 'MSTORE', 'PUSH1', 'ADD', 'PUSHTAG', 'SWAP1']",21,-26.0
67,0x1d29Bafa88E83a6D8F757DbFAf8BAf7be8fE08Bf_LoveVote_block288_input,8.0,23,True,False,23,0.0,0.285,PUSHTAG 404 PUSH 20 DUP5 CALLDATALOAD SWAP4 POP DUP5 ADD ,8,8.0,3,1,13.0,"['DUP3', 'CALLDATALOAD', 'SWAP2', 'POP', 'PUSHTAG', 'PUSH1', 'DUP5', 'ADD']",13,0.0
68,0x1d29Bafa88E83a6D8F757DbFAf8BAf7be8fE08Bf_LoveVote_block227_input,19.0,57,True,False,62,5.0,15.914,PUSH 0 PUSHTAG 315 DUP4 DUP4 PUSH 40 MLOAD PUSH 40 DUP2 ADD PUSH 40 MSTORE PUSH 1e DUP2 MSTORE PUSH 536166654d6174683a207375627472616374696f6e206f766572666c6f770000 PUSH 20 DUP3 ADD MSTORE ,21,19.0,7,5,61.0,"['PUSH1', 'PUSHTAG', 'DUP4', 'DUP4', 'PUSH1', 'MLOAD', 'DUP1', 'PUSH1', 'ADD', 'PUSH1', 'MSTORE', 'DUP1', 'PUSH1', 'DUP2', 'MSTORE', 'PUSH1', 'ADD', 'PUSH32', 'DUP2', 'MSTORE', 'POP']",63,2.0
69,0x1d29Bafa88E83a6D8F757DbFAf8BAf7be8fE08Bf_LoveVote_block293_input,5.0,15,True,False,15,0.0,0.024,DUP1 ISZERO ISZERO DUP2 EQ ,5,5.0,3,0,5.0,"['DUP1', 'ISZERO', 'ISZERO', 'DUP2', 'EQ']",5,0.0
70,0x1d29Bafa88E83a6D8F757DbFAf8BAf7be8fE08Bf_LoveVote_block336_input,2.0,6,True,False,6,0.0,0.017,DUP2 MLOAD ,2,2.0,1,0,2.0,"['DUP2', 'MLOAD']",2,0.0
71,0x1d29Bafa88E83a6D8F757DbFAf8BAf7be8fE08Bf_Ownable_block9_input,16.0,745,True,False,766,21.0,1.482,PUSH 40 MLOAD PUSH ffffffffffffffffffffffffffffffffffffffff PUSH 0 SLOAD AND DUP2 MSTORE PUSH 20 PUSH 40 MLOAD DUP1 SWAP3 SUB ADD SWAP1 ,19,16.0,7,4,40.0,"['PUSH1', 'SLOAD', 'PUSH1', 'DUP1', 'MLOAD', 'PUSH1', 'PUSH1', 'PUSH1', 'SHL', 'SUB', 'SWAP1', 'SWAP3', 'AND', 'DUP3', 'MSTORE', 'MLOAD', 'SWAP1', 'DUP2', 'SWAP1', 'SUB', 'PUSH1', 'ADD', 'SWAP1']",29,-11.0
72,0x1d29Bafa88E83a6D8F757DbFAf8BAf7be8fE08Bf_LoveVote_block275_input,7.0,21,True,False,33,12.0,0.056,DUP1 CALLDATALOAD PUSH ffffffffffffffffffffffffffffffffffffffff DUP2 AND DUP2 EQ ,7,7.0,3,1,27.0,"['DUP1', 'CALLDATALOAD', 'PUSH1', 'PUSH1', 'PUSH1', 'SHL', 'SUB', 'DUP2', 'AND', 'DUP2', 'EQ']",14,-13.0
73,0x1d29Bafa88E83a6D8F757DbFAf8BAf7be8fE08Bf_LoveVote_block228_input,2.0,5,True,False,5,0.0,0.013,SWAP1 POP ,2,2.0,0,0,2.0,"['SWAP1', 'POP']",2,0.0
74,0x1d29Bafa88E83a6D8F757DbFAf8BAf7be8fE08Bf_LoveVote_block179_input,,,False,True,5868,,59.944,,40,,11,7,,"['DUP2', 'MSTORE', 'PUSH1', 'DUP1', 'DUP3', 'ADD', 'SWAP3', 'SWAP1', 'SWAP3', 'MSTORE', 'PUSH1', 'SWAP1', 'DUP2', 'ADD', 'PUSH1', 'SWAP1', 'DUP2', 'KECCAK256', 'PUSH1', 'DUP3', 'MSTORE', 'SWAP1', 'SWAP3', 'MSTORE', 'DUP2', 'KECCAK256', 'SWAP2', 'SWAP1', 'SWAP2', 'SSTORE', 'PUSH1', 'SLOAD', 'DUP8', 'SWAP2', 'PUSH1', 'SWAP2', 'PUSHTAG', 'SWAP1', 'PUSH1', 'SWAP1']",51,
75,0x1d29Bafa88E83a6D8F757DbFAf8BAf7be8fE08Bf_LoveVote_block274_input,10.0,30,True,False,39,9.0,0.324,PUSH 40 MLOAD PUSH 8c379a000000000000000000000000000000000000000000000000000000000 DUP2 MSTORE PUSH 4 ADD DUP3 PUSHTAG 121 SWAP2 ,11,10.0,4,3,48.0,"['DUP2', 'PUSH1', 'MLOAD', 'PUSH3', 'PUSH1', 'SHL', 'DUP2', 'MSTORE', 'PUSH1', 'ADD', 'PUSHTAG', 'SWAP2', 'SWAP1']",23,-25.0
76,0x1d29Bafa88E83a6D8F757DbFAf8BAf7be8fE08Bf_LoveVote_block27_input,3.0,9,True,False,9,0.0,0.014,PUSH 1a7bea45 DUP2 EQ ,3,3.0,1,1,7.0,"['DUP1', 'PUSH4', 'EQ']",7,0.0
77,0x1d29Bafa88E83a6D8F757DbFAf8BAf7be8fE08Bf_Ownable_block17_input,22.0,66,True,False,75,9.0,5.54,PUSH 40 MLOAD PUSH 20 PUSH 4 DUP3 ADD PUSH 8c379a000000000000000000000000000000000000000000000000000000000 DUP4 MSTORE MSTORE PUSH 4f776e61626c653a2063616c6c6572206973206e6f7420746865206f776e6572 PUSH 20 DUP3 PUSH 24 ADD MSTORE PUSH 44 DUP3 ADD MSTORE PUSH 64 ADD ,23,22.0,9,8,93.0,"['PUSH1', 'MLOAD', 'PUSH3', 'PUSH1', 'SHL', 'DUP2', 'MSTORE', 'PUSH1', 'PUSH1', 'DUP3', 'ADD', 'DUP2', 'SWAP1', 'MSTORE', 'PUSH1', 'DUP3', 'ADD', 'MSTORE', 'PUSH32', 'PUSH1', 'DUP3', 'ADD', 'MSTORE', 'PUSH1', 'ADD']",67,-26.0
78,0x1d29Bafa88E83a6D8F757DbFAf8BAf7be8fE08Bf_LoveVote_block43_input,13.0,39,True,False,63,24.0,5.896,PUSH 40 MLOAD SWAP2 PUSH ffffffffffffffffffffffffffffffffffffffff AND DUP3 MSTORE PUSH 20 DUP3 ADD MSTORE PUSH 40 ADD ,17,13.0,6,3,36.0,"['PUSH1', 'DUP1', 'MLOAD', 'PUSH1', 'PUSH1', 'PUSH1', 'SHL', 'SUB', 'SWAP1', 'SWAP4', 'AND', 'DUP4', 'MSTORE', 'PUSH1', 'DUP4', 'ADD', 'SWAP2', 'SWAP1', 'SWAP2', 'MSTORE', 'ADD']",26,-10.0
79,0x1d29Bafa88E83a6D8F757DbFAf8BAf7be8fE08Bf_LoveVote_block153_input,3.0,7,True,False,7,0.0,0.02,SWAP2 POP POP ,3,3.0,0,0,3.0,"['SWAP2', 'POP', 'POP']",3,0.0
80,0x1d29Bafa88E83a6D8F757DbFAf8BAf7be8fE08Bf_Address_initial_block2_input,6.0,17,True,False,17,0.0,0.024,ADDRESS PUSH 0 MSTORE PUSH 73 DUP2 MSTORE8 ,6,6.0,3,2,8.0,"['ADDRESS', 'PUSH1', 'MSTORE', 'PUSH1', 'DUP2', 'MSTORE8']",8,0.0
81,0x1d29Bafa88E83a6D8F757DbFAf8BAf7be8fE08Bf_SafeERC20_block0_input,6.0,17,True,False,17,0.0,0.03,ADDRESS PUSHDEPLOYADDRESS EQ PUSH 80 PUSH 40 MSTORE ,6,6.0,4,2,28.0,"['PUSHDEPLOYADDRESS', 'ADDRESS', 'EQ', 'PUSH1', 'PUSH1', 'MSTORE']",28,0.0
82,0x1d29Bafa88E83a6D8F757DbFAf8BAf7be8fE08Bf_Context_initial_block2.0_input,5.0,14,True,False,14,0.0,0.027,POP PUSH#[$] 0 PUSH#[$] 0 PUSH[$] 0 PUSH 0 ,5,5.0,2,1,18.0,"['POP', 'PUSH#[$]', 'DUP1', 'PUSH[$]', 'PUSH1']",14,-4.0
83,0x1d29Bafa88E83a6D8F757DbFAf8BAf7be8fE08Bf_LoveVote_block267_input,3.0,8,True,False,8,0.0,0.022,PUSH 60 SWAP2 POP ,3,3.0,0,1,4.0,"['PUSH1', 'SWAP2', 'POP']",4,0.0
84,0x1d29Bafa88E83a6D8F757DbFAf8BAf7be8fE08Bf_LoveVote_block213.1_input,6.0,12,True,False,12,0.0,0.039,POP POP POP POP POP POP ,6,6.0,0,0,6.0,"['POP', 'POP', 'POP', 'POP', 'POP', 'POP']",6,0.0
85,0x1d29Bafa88E83a6D8F757DbFAf8BAf7be8fE08Bf_LoveVote_block223_input,3.0,8,True,False,8,0.0,0.018,SWAP1 POP SWAP1 ,3,3.0,0,0,3.0,"['SWAP2', 'SWAP1', 'POP']",3,0.0
86,0x1d29Bafa88E83a6D8F757DbFAf8BAf7be8fE08Bf_LoveVote_block265.0_input,10.0,29,True,False,29,0.0,0.28,PUSH 0 PUSH 40 MLOAD DUP1 DUP4 SUB DUP2 DUP6 DUP8 GAS ,10,10.0,3,2,12.0,"['PUSH1', 'PUSH1', 'MLOAD', 'DUP1', 'DUP4', 'SUB', 'DUP2', 'DUP6', 'DUP8', 'GAS']",12,0.0
87,0x1d29Bafa88E83a6D8F757DbFAf8BAf7be8fE08Bf_LoveVote_block40_input,15.0,769,True,False,817,48.0,7.844,PUSH 0 PUSH 40 SWAP3 DUP2 MSTORE MSTORE PUSH 0 KECCAK256 PUSH 7 PUSH 20 MSTORE DUP1 PUSH 20 MSTORE SLOAD ,22,15.0,6,4,21.0,"['PUSH1', 'PUSH1', 'SWAP1', 'DUP2', 'MSTORE', 'PUSH1', 'SWAP3', 'DUP4', 'MSTORE', 'PUSH1', 'DUP1', 'DUP5', 'KECCAK256', 'SWAP1', 'SWAP2', 'MSTORE', 'SWAP1', 'DUP3', 'MSTORE', 'SWAP1', 'KECCAK256', 'SLOAD']",26,5.0
88,0x1d29Bafa88E83a6D8F757DbFAf8BAf7be8fE08Bf_LoveVote_block338_input,4.0,12,True,False,12,0.0,0.027,DUP4 DUP2 LT ISZERO ,4,4.0,2,0,4.0,"['DUP4', 'DUP2', 'LT', 'ISZERO']",4,0.0
89,0x1d29Bafa88E83a6D8F757DbFAf8BAf7be8fE08Bf_LoveVote_block286_input,8.0,24,True,False,24,0.0,0.092,PUSH 0 DUP1 PUSH 40 DUP4 DUP6 SUB SLT ISZERO ,8,8.0,3,2,10.0,"['PUSH1', 'DUP1', 'PUSH1', 'DUP4', 'DUP6', 'SUB', 'SLT', 'ISZERO']",10,0.0
90,0x1d29Bafa88E83a6D8F757DbFAf8BAf7be8fE08Bf_SafeERC20_initial_block0.1_input,6.0,18,True,False,18,0.0,0.03,DUP1 MLOAD PUSH 0 BYTE PUSH 73 EQ ,6,6.0,3,2,8.0,"['DUP1', 'MLOAD', 'PUSH1', 'BYTE', 'PUSH1', 'EQ']",8,0.0
91,0x1d29Bafa88E83a6D8F757DbFAf8BAf7be8fE08Bf_Ownable_block23_input,7.0,21,True,False,21,0.0,0.047,PUSH 0 PUSH 20 DUP3 DUP5 SUB SLT ISZERO ,7,7.0,3,2,9.0,"['PUSH1', 'PUSH1', 'DUP3', 'DUP5', 'SUB', 'SLT', 'ISZERO']",9,0.0
92,0x1d29Bafa88E83a6D8F757DbFAf8BAf7be8fE08Bf_LoveVote_block229_input,4.0,10,True,False,10,0.0,0.024,SWAP3 SWAP2 POP POP ,4,4.0,0,0,4.0,"['SWAP3', 'SWAP2', 'POP', 'POP']",4,0.0
93,0x1d29Bafa88E83a6D8F757DbFAf8BAf7be8fE08Bf_LoveVote_block54_input,2.0,703,True,False,703,0.0,0.02,PUSH 8 SLOAD ,2,2.0,1,1,3.0,"['PUSH1', 'SLOAD']",3,0.0
94,0x1d29Bafa88E83a6D8F757DbFAf8BAf7be8fE08Bf_Ownable_block15.0_input,9.0,724,True,False,751,27.0,0.587,PUSH 0 PUSH ffffffffffffffffffffffffffffffffffffffff DUP2 SLOAD AND PUSH 8be0079c531659141344cd1fd0a4f28419497f9722a3daafe3b4186f6b6457e0 DUP3 PUSH 40 MLOAD ,14,9.0,3,4,63.0,"['PUSH1', 'DUP1', 'SLOAD', 'PUSH1', 'MLOAD', 'PUSH1', 'PUSH1', 'PUSH1', 'SHL', 'SUB', 'SWAP1', 'SWAP2', 'AND', 'SWAP1', 'PUSH32', 'SWAP1', 'DUP4', 'SWAP1']",55,-8.0
95,0x1d29Bafa88E83a6D8F757DbFAf8BAf7be8fE08Bf_LoveVote_block260_input,5.0,17,True,False,17,0.0,0.029,PUSH 60 DUP3 SELFBALANCE LT ISZERO ,5,5.0,3,1,6.0,"['PUSH1', 'DUP3', 'SELFBALANCE', 'LT', 'ISZERO']",6,0.0
96,0x1d29Bafa88E83a6D8F757DbFAf8BAf7be8fE08Bf_LoveVote_block330_input,3.0,10,True,False,10,0.0,0.02,POP MUL SWAP1 ,3,3.0,1,0,3.0,"['POP', 'MUL', 'SWAP1']",3,0.0
97,0x1d29Bafa88E83a6D8F757DbFAf8BAf7be8fE08Bf_LoveVote_block141_input,2.0,5,True,False,5,0.0,0.017,SWAP1 POP ,2,2.0,0,0,2.0,"['SWAP1', 'POP']",2,0.0
98,0x1d29Bafa88E83a6D8F757DbFAf8BAf7be8fE08Bf_LoveVote_block301_input,,,False,True,108,,10.124,,38,,13,6,,"['DUP9', 'CALLDATALOAD', 'SWAP8', 'POP', 'PUSH1', 'DUP10', 'ADD', 'CALLDATALOAD', 'SWAP7', 'POP', 'PUSH1', 'DUP10', 'ADD', 'CALLDATALOAD', 'SWAP6', 'POP', 'PUSH1', 'DUP10', 'ADD', 'CALLDATALOAD', 'SWAP5', 'POP', 'PUSH1', 'DUP10', 'ADD', 'CALLDATALOAD', 'SWAP4', 'POP', 'PUSH1', 'DUP10', 'ADD', 'CALLDATALOAD', 'SWAP3', 'POP', 'PUSH1', 'DUP10', 'ADD', 'CALLDATALOAD']",44,
99,0x1d29Bafa88E83a6D8F757DbFAf8BAf7be8fE08Bf_LoveVote_block95_input,9.0,27,True,False,33,6.0,0.03,PUSH 40 MLOAD PUSH 8c379a000000000000000000000000000000000000000000000000000000000 DUP2 MSTORE PUSHTAG 121 SWAP1 PUSH 4 ADD ,9,9.0,4,3,47.0,"['PUSH1', 'MLOAD', 'PUSH3', 'PUSH1', 'SHL', 'DUP2', 'MSTORE', 'PUSH1', 'ADD', 'PUSHTAG', 'SWAP1']",21,-26.0
100,0x1d29Bafa88E83a6D8F757DbFAf8BAf7be8fE08Bf_LoveVote_block139_input,5.0,712,True,False,712,0.0,0.026,DUP1 SLOAD PUSH ff AND ISZERO ,5,5.0,3,1,6.0,"['DUP1', 'SLOAD', 'PUSH1', 'AND', 'ISZERO']",6,0.0
101,0x1d29Bafa88E83a6D8F757DbFAf8BAf7be8fE08Bf_LoveVote_block200_input,5.0,712,True,False,715,3.0,0.031,PUSHTAG 274 DUP2 PUSH 2 ADD SLOAD ,6,5.0,3,1,10.0,"['PUSH1', 'DUP2', 'ADD', 'SLOAD', 'PUSHTAG', 'SWAP1']",11,1.0
102,0x1d29Bafa88E83a6D8F757DbFAf8BAf7be8fE08Bf_Ownable_block21_input,27.0,81,True,False,93,12.0,37.286,PUSH 40 MLOAD PUSH 8c379a000000000000000000000000000000000000000000000000000000000 DUP2 MSTORE PUSH 20 DUP2 PUSH 4 ADD MSTORE PUSH 6464726573730000000000000000000000000000000000000000000000000000 PUSH 64 PUSH 26 PUSH 24 DUP5 ADD MSTORE PUSH 4f776e61626c653a206e6577206f776e657220697320746865207a65726f2061 PUSH 44 DUP5 ADD MSTORE DUP3 ADD MSTORE PUSH 84 ADD ,27,27.0,11,11,131.0,"['PUSH1', 'MLOAD', 'PUSH3', 'PUSH1', 'SHL', 'DUP2', 'MSTORE', 'PUSH1', 'PUSH1', 'DUP3', 'ADD', 'MSTORE', 'PUSH1', 'PUSH1', 'DUP3', 'ADD', 'MSTORE', 'PUSH32', 'PUSH1', 'DUP3', 'ADD', 'MSTORE', 'PUSH6', 'PUSH1', 'SHL', 'PUSH1', 'DUP3', 'ADD', 'MSTORE', 'PUSH1', 'ADD']",82,-49.0
103,0x1d29Bafa88E83a6D8F757DbFAf8BAf7be8fE08Bf_LoveVote_block263_input,22.0,66,True,False,72,6.0,3.717,PUSH 40 MLOAD PUSH 20 PUSH 4 DUP3 ADD PUSH 8c379a000000000000000000000000000000000000000000000000000000000 DUP4 MSTORE MSTORE PUSH 1d DUP2 PUSH 24 ADD MSTORE PUSH 416464726573733a2063616c6c20746f206e6f6e2d636f6e7472616374000000 DUP2 PUSH 44 ADD MSTORE PUSH 64 ADD ,22,22.0,9,9,93.0,"['PUSH1', 'MLOAD', 'PUSH3', 'PUSH1', 'SHL', 'DUP2', 'MSTORE', 'PUSH1', 'PUSH1', 'DUP3', 'ADD', 'MSTORE', 'PUSH1', 'PUSH1', 'DUP3', 'ADD', 'MSTORE', 'PUSH32', 'PUSH1', 'DUP3', 'ADD', 'MSTORE', 'PUSH1', 'ADD']",67,-26.0
104,0x1d29Bafa88E83a6D8F757DbFAf8BAf7be8fE08Bf_LoveVote_block94_input,6.0,714,True,False,726,12.0,0.027,PUSH 0 SLOAD PUSH ffffffffffffffffffffffffffffffffffffffff AND CALLER EQ ,6,6.0,4,2,27.0,"['PUSH1', 'SLOAD', 'PUSH1', 'PUSH1', 'PUSH1', 'SHL', 'SUB', 'AND', 'CALLER', 'EQ']",14,-13.0
105,0x1d29Bafa88E83a6D8F757DbFAf8BAf7be8fE08Bf_LoveVote_block129_input,22.0,66,True,False,78,12.0,2.995,PUSH 40 MLOAD PUSH 20 PUSH 8c379a000000000000000000000000000000000000000000000000000000000 DUP3 MSTORE DUP2 PUSH 4 ADD MSTORE PUSH 5468652070726f706f73616c20697320696e76616c6964210000000000000000 PUSH 18 PUSH 24 DUP4 ADD MSTORE PUSH 44 DUP3 ADD MSTORE PUSH 64 ADD ,22,22.0,9,9,93.0,"['PUSH1', 'MLOAD', 'PUSH3', 'PUSH1', 'SHL', 'DUP2', 'MSTORE', 'PUSH1', 'PUSH1', 'DUP3', 'ADD', 'MSTORE', 'PUSH1', 'PUSH1', 'DUP3', 'ADD', 'MSTORE', 'PUSH24', 'PUSH1', 'SHL', 'PUSH1', 'DUP3', 'ADD', 'MSTORE', 'PUSH1', 'ADD']",62,-31.0
106,0x1d29Bafa88E83a6D8F757DbFAf8BAf7be8fE08Bf_LoveVote_block195_input,22.0,66,True,False,78,12.0,2.792,PUSH 40 MLOAD PUSH 20 PUSH 8c379a000000000000000000000000000000000000000000000000000000000 DUP3 MSTORE DUP2 PUSH 4 ADD MSTORE PUSH 5468652070726f706f73616c20697320696e76616c6964210000000000000000 PUSH 18 PUSH 24 DUP4 ADD MSTORE PUSH 44 DUP3 ADD MSTORE PUSH 64 ADD ,22,22.0,9,9,93.0,"['PUSH1', 'MLOAD', 'PUSH3', 'PUSH1', 'SHL', 'DUP2', 'MSTORE', 'PUSH1', 'PUSH1', 'DUP3', 'ADD', 'MSTORE', 'PUSH1', 'PUSH1', 'DUP3', 'ADD', 'MSTORE', 'PUSH24', 'PUSH1', 'SHL', 'PUSH1', 'DUP3', 'ADD', 'MSTORE', 'PUSH1', 'ADD']",62,-31.0
107,0x1d29Bafa88E83a6D8F757DbFAf8BAf7be8fE08Bf_LoveVote_block146_input,3.0,7,True,False,7,0.0,0.019,SWAP2 POP POP ,3,3.0,0,0,3.0,"['SWAP2', 'POP', 'POP']",3,0.0
108,0x1d29Bafa88E83a6D8F757DbFAf8BAf7be8fE08Bf_LoveVote_block220_input,16.0,5769,True,False,5790,21.0,3.524,PUSH 3 PUSH 20 MSTORE PUSH ffffffffffffffffffffffffffffffffffffffff AND PUSH 40 PUSH 0 KECCAK256 DUP1 SLOAD PUSH ffffffffffffffffffffffffffffffffffffffffffffffffffffffffffffff00 AND SWAP1 SSTORE PUSH 0 MSTORE ,19,16.0,7,6,73.0,"['PUSH1', 'PUSH1', 'PUSH1', 'SHL', 'SUB', 'AND', 'PUSH1', 'SWAP1', 'DUP2', 'MSTORE', 'PUSH1', 'PUSH1', 'MSTORE', 'PUSH1', 'SWAP1', 'KECCAK256', 'DUP1', 'SLOAD', 'PUSH1', 'NOT', 'AND', 'SWAP1', 'SSTORE']",31,-42.0
109,0x1d29Bafa88E83a6D8F757DbFAf8BAf7be8fE08Bf_LoveVote_block21_input,3.0,9,True,False,9,0.0,0.019,PUSH 988cfb24 DUP2 EQ ,3,3.0,1,1,7.0,"['DUP1', 'PUSH4', 'EQ']",7,0.0
110,0x1d29Bafa88E83a6D8F757DbFAf8BAf7be8fE08Bf_LoveVote_block112_input,8.0,1418,True,False,1430,12.0,0.099,ADD SLOAD PUSH 2 SLOAD PUSH ffffffffffffffffffffffffffffffffffffffff AND SWAP2 SWAP1 ,8,8.0,4,2,29.0,"['ADD', 'SLOAD', 'PUSH1', 'SLOAD', 'PUSH1', 'PUSH1', 'PUSH1', 'SHL', 'SUB', 'AND', 'SWAP2', 'SWAP1']",16,-13.0
111,0x1d29Bafa88E83a6D8F757DbFAf8BAf7be8fE08Bf_LoveVote_block96_input,18.0,5775,True,False,5796,21.0,13.205,PUSH ffffffffffffffffffffffffffffffffffffffff AND PUSH 0 MSTORE PUSH 40 PUSH 0 PUSH 3 PUSH 20 MSTORE KECCAK256 PUSH 1 PUSH ffffffffffffffffffffffffffffffffffffffffffffffffffffffffffffff00 DUP3 SLOAD AND OR SWAP1 SSTORE ,21,18.0,8,7,76.0,"['PUSH1', 'PUSH1', 'PUSH1', 'SHL', 'SUB', 'AND', 'PUSH1', 'SWAP1', 'DUP2', 'MSTORE', 'PUSH1', 'PUSH1', 'MSTORE', 'PUSH1', 'SWAP1', 'KECCAK256', 'DUP1', 'SLOAD', 'PUSH1', 'NOT', 'AND', 'PUSH1', 'OR', 'SWAP1', 'SSTORE']",34,-42.0
112,0x1d29Bafa88E83a6D8F757DbFAf8BAf7be8fE08Bf_LoveVote_block344_input,9.0,27,True,False,27,0.0,0.353,PUSH 0 DUP3 MLOAD PUSHTAG 476 DUP2 DUP5 DUP7 PUSH 20 ADD ,9,9.0,3,2,15.0,"['PUSH1', 'DUP3', 'MLOAD', 'PUSHTAG', 'DUP2', 'DUP5', 'PUSH1', 'DUP8', 'ADD']",15,0.0
113,0x1d29Bafa88E83a6D8F757DbFAf8BAf7be8fE08Bf_LoveVote_block128_input,,,False,True,791,,19.997,,22,,7,5,,"['PUSH1', 'SWAP2', 'DUP3', 'MSTORE', 'PUSH1', 'SWAP1', 'SWAP2', 'KECCAK256', 'PUSH1', 'SWAP1', 'SWAP2', 'MUL', 'ADD', 'PUSH1', 'DUP2', 'ADD', 'SLOAD', 'SWAP1', 'SWAP2', 'POP', 'PUSH1', 'AND']",27,
114,0x1d29Bafa88E83a6D8F757DbFAf8BAf7be8fE08Bf_LoveVote_block309_input,8.0,23,True,False,23,0.0,0.398,DUP4 CALLDATALOAD SWAP3 POP PUSHTAG 396 DUP5 PUSH 20 ADD ,8,8.0,3,1,13.0,"['DUP4', 'CALLDATALOAD', 'SWAP3', 'POP', 'PUSHTAG', 'PUSH1', 'DUP6', 'ADD']",13,0.0
115,0x1d29Bafa88E83a6D8F757DbFAf8BAf7be8fE08Bf_LoveVote_block318_input,16.0,48,True,False,57,9.0,2.108,PUSH 15 PUSH 20 DUP3 MSTORE DUP2 PUSH 20 ADD MSTORE PUSH 5468652070726f706f73616c206973206f766572210000000000000000000000 PUSH 40 DUP3 ADD MSTORE PUSH 60 ADD SWAP1 ,17,16.0,6,5,53.0,"['PUSH1', 'DUP1', 'DUP3', 'MSTORE', 'PUSH1', 'SWAP1', 'DUP3', 'ADD', 'MSTORE', 'PUSH21', 'PUSH1', 'SHL', 'PUSH1', 'DUP3', 'ADD', 'MSTORE', 'PUSH1', 'ADD', 'SWAP1']",45,-8.0
116,0x1d29Bafa88E83a6D8F757DbFAf8BAf7be8fE08Bf_LoveVote_block283_input,5.0,13,True,False,13,0.0,0.024,POP SWAP1 POP CALLDATALOAD SWAP1 ,5,5.0,1,0,5.0,"['POP', 'CALLDATALOAD', 'SWAP2', 'SWAP1', 'POP']",5,0.0
117,0x1d29Bafa88E83a6D8F757DbFAf8BAf7be8fE08Bf_LoveVote_block109_input,4.0,709,True,False,709,0.0,0.026,ADD SLOAD GT ISZERO ,4,4.0,4,0,4.0,"['ADD', 'SLOAD', 'GT', 'ISZERO']",4,0.0
118,0x1d29Bafa88E83a6D8F757DbFAf8BAf7be8fE08Bf_LoveVote_block93.0_input,9.0,724,True,False,751,27.0,0.655,PUSH 0 PUSH ffffffffffffffffffffffffffffffffffffffff DUP2 SLOAD AND PUSH 8be0079c531659141344cd1fd0a4f28419497f9722a3daafe3b4186f6b6457e0 DUP3 PUSH 40 MLOAD ,14,9.0,3,4,63.0,"['PUSH1', 'DUP1', 'SLOAD', 'PUSH1', 'MLOAD', 'PUSH1', 'PUSH1', 'PUSH1', 'SHL', 'SUB', 'SWAP1', 'SWAP2', 'AND', 'SWAP1', 'PUSH32', 'SWAP1', 'DUP4', 'SWAP1']",55,-8.0
119,0x1d29Bafa88E83a6D8F757DbFAf8BAf7be8fE08Bf_LoveVote_block143_input,,,False,True,832,,49.89,,27,,9,5,,"['PUSH1', 'DUP7', 'DUP2', 'MSTORE', 'PUSH1', 'PUSH1', 'SWAP1', 'DUP2', 'MSTORE', 'PUSH1', 'DUP1', 'DUP4', 'KECCAK256', 'PUSH1', 'DUP6', 'AND', 'DUP5', 'MSTORE', 'SWAP1', 'SWAP2', 'MSTORE', 'SWAP1', 'KECCAK256', 'SLOAD', 'DUP3', 'LT', 'ISZERO']",32,
120,0x1d29Bafa88E83a6D8F757DbFAf8BAf7be8fE08Bf_LoveVote_block214_input,6.0,714,True,False,726,12.0,0.031,PUSH 0 SLOAD PUSH ffffffffffffffffffffffffffffffffffffffff AND CALLER EQ ,6,6.0,4,2,27.0,"['PUSH1', 'SLOAD', 'PUSH1', 'PUSH1', 'PUSH1', 'SHL', 'SUB', 'AND', 'CALLER', 'EQ']",14,-13.0
121,0x1d29Bafa88E83a6D8F757DbFAf8BAf7be8fE08Bf_LoveVote_initial_block4_input,7.0,21,True,False,21,0.0,0.057,PUSH 0 PUSH 20 DUP3 DUP5 SUB SLT ISZERO ,7,7.0,3,2,9.0,"['PUSH1', 'PUSH1', 'DUP3', 'DUP5', 'SUB', 'SLT', 'ISZERO']",9,0.0
122,0x1d29Bafa88E83a6D8F757DbFAf8BAf7be8fE08Bf_LoveVote_block186_input,5.0,712,True,False,715,3.0,0.048,DUP3 PUSH 8 SLOAD DUP5 LT ,6,5.0,2,1,6.0,"['PUSH1', 'SLOAD', 'DUP4', 'SWAP1', 'DUP2', 'LT']",7,1.0
123,0x1d29Bafa88E83a6D8F757DbFAf8BAf7be8fE08Bf_LoveVote_block206_input,3.0,706,True,False,706,0.0,0.023,ADD SLOAD SWAP1 ,3,3.0,2,0,3.0,"['ADD', 'SLOAD', 'SWAP1']",3,0.0
124,0x1d29Bafa88E83a6D8F757DbFAf8BAf7be8fE08Bf_LoveVote_block339_input,10.0,30,True,False,30,0.0,0.318,DUP2 DUP2 ADD MLOAD DUP2 DUP5 ADD MSTORE PUSH 20 ADD ,10,10.0,5,1,11.0,"['DUP2', 'DUP2', 'ADD', 'MLOAD', 'DUP4', 'DUP3', 'ADD', 'MSTORE', 'PUSH1', 'ADD']",11,0.0
125,0x1d29Bafa88E83a6D8F757DbFAf8BAf7be8fE08Bf_LoveVote_block130_input,9.0,726,True,False,729,3.0,0.11,PUSH ff PUSH 100 DUP3 PUSH 3 ADD SLOAD DIV AND ISZERO ,10,9.0,5,3,13.0,"['PUSH1', 'DUP2', 'ADD', 'SLOAD', 'PUSH2', 'SWAP1', 'DIV', 'PUSH1', 'AND', 'ISZERO']",14,1.0
126,0x1d29Bafa88E83a6D8F757DbFAf8BAf7be8fE08Bf_Ownable_block14_input,6.0,18,True,False,18,0.0,0.031,PUSH 40 MLOAD DUP1 SWAP2 SUB SWAP1 ,6,6.0,2,1,7.0,"['PUSH1', 'MLOAD', 'DUP1', 'SWAP2', 'SUB', 'SWAP1']",7,0.0
127,0x1d29Bafa88E83a6D8F757DbFAf8BAf7be8fE08Bf_LoveVote_block333_input,3.0,10,True,False,10,0.0,0.027,POP DIV SWAP1 ,3,3.0,1,0,3.0,"['POP', 'DIV', 'SWAP1']",3,0.0
128,0x1d29Bafa88E83a6D8F757DbFAf8BAf7be8fE08Bf_LoveVote_block102_input,9.0,725,True,False,728,3.0,0.365,POP PUSH 100 DUP3 PUSH 3 ADD SLOAD DIV PUSH ff AND ,10,9.0,4,3,13.0,"['POP', 'PUSH1', 'DUP3', 'ADD', 'SLOAD', 'PUSH2', 'SWAP1', 'DIV', 'PUSH1', 'AND']",14,1.0
129,0x1d29Bafa88E83a6D8F757DbFAf8BAf7be8fE08Bf_SafeERC20_initial_block1_input,6.0,18,True,False,24,6.0,0.026,PUSH 4e487b7100000000000000000000000000000000000000000000000000000000 PUSH 0 MSTORE PUSH 0 PUSH 4 MSTORE ,6,6.0,2,3,41.0,"['PUSH4', 'PUSH1', 'SHL', 'PUSH1', 'MSTORE', 'PUSH1', 'PUSH1', 'MSTORE']",16,-25.0
130,0x1d29Bafa88E83a6D8F757DbFAf8BAf7be8fE08Bf_Ownable_block0_input,6.0,16,True,False,17,1.0,0.023,PUSH 80 PUSH 40 MSTORE CALLVALUE CALLVALUE ISZERO ,6,6.0,3,2,8.0,"['PUSH1', 'PUSH1', 'MSTORE', 'CALLVALUE', 'DUP1', 'ISZERO']",8,0.0
131,0x1d29Bafa88E83a6D8F757DbFAf8BAf7be8fE08Bf_LoveVote_block29_input,3.0,9,True,False,9,0.0,0.022,PUSH 585ae66d DUP2 EQ ,3,3.0,1,1,7.0,"['DUP1', 'PUSH4', 'EQ']",7,0.0
132,0x1d29Bafa88E83a6D8F757DbFAf8BAf7be8fE08Bf_LoveVote_block144_input,13.0,5733,True,False,5736,3.0,2.151,DUP3 PUSH 6 ADD DUP2 PUSH ff AND PUSH ffffffffffffffffffffffffffffffffffffffffffffffffffffffffffffff00 DUP3 SLOAD AND OR SWAP1 SSTORE ,14,13.0,6,3,47.0,"['PUSH1', 'DUP4', 'ADD', 'DUP1', 'SLOAD', 'PUSH1', 'NOT', 'AND', 'PUSH1', 'DUP4', 'AND', 'OR', 'SWAP1', 'SSTORE']",17,-30.0
133,0x1d29Bafa88E83a6D8F757DbFAf8BAf7be8fE08Bf_LoveVote_block221_input,4.0,11,True,False,11,0.0,0.018,PUSH 0 NUMBER DUP3 GT ,4,4.0,2,1,5.0,"['PUSH1', 'NUMBER', 'DUP3', 'GT']",5,0.0
134,0x1d29Bafa88E83a6D8F757DbFAf8BAf7be8fE08Bf_Ownable_initial_block2.1_input,5.0,14,True,False,14,0.0,0.03,POP PUSH#[$] 0 PUSH#[$] 0 PUSH[$] 0 PUSH 0 ,5,5.0,2,1,18.0,"['POP', 'PUSH#[$]', 'DUP1', 'PUSH[$]', 'PUSH1']",14,-4.0
135,0x1d29Bafa88E83a6D8F757DbFAf8BAf7be8fE08Bf_LoveVote_block299_input,14.0,42,True,False,42,0.0,0.891,PUSH 0 PUSH 0 PUSH 0 DUP3 DUP4 PUSH 0 PUSH 0 DUP5 PUSH 100 DUP10 DUP12 SUB SLT ISZERO ,14,14.0,3,2,21.0,"['PUSH1', 'DUP1', 'PUSH1', 'DUP1', 'PUSH1', 'DUP1', 'PUSH1', 'DUP1', 'PUSH2', 'DUP10', 'DUP12', 'SUB', 'SLT', 'ISZERO']",20,-1.0
136,0x1d29Bafa88E83a6D8F757DbFAf8BAf7be8fE08Bf_LoveVote_block69_input,11.0,757,True,False,763,6.0,0.288,PUSH 0 MSTORE PUSH 40 PUSH 0 KECCAK256 SLOAD PUSH ff AND PUSH 3 PUSH 20 MSTORE ,13,11.0,5,5,17.0,"['PUSH1', 'PUSH1', 'MSTORE', 'PUSH1', 'SWAP1', 'DUP2', 'MSTORE', 'PUSH1', 'SWAP1', 'KECCAK256', 'SLOAD', 'PUSH1', 'AND']",18,1.0
137,0x1d29Bafa88E83a6D8F757DbFAf8BAf7be8fE08Bf_LoveVote_block187_input,9.0,27,True,False,33,6.0,0.033,PUSH 40 MLOAD PUSH 8c379a000000000000000000000000000000000000000000000000000000000 DUP2 MSTORE PUSHTAG 121 SWAP1 PUSH 4 ADD ,9,9.0,4,3,47.0,"['PUSH1', 'MLOAD', 'PUSH3', 'PUSH1', 'SHL', 'DUP2', 'MSTORE', 'PUSH1', 'ADD', 'PUSHTAG', 'SWAP1']",21,-26.0
138,0x1d29Bafa88E83a6D8F757DbFAf8BAf7be8fE08Bf_LoveVote_block302_input,,,False,True,58,,10.025,,21,,2,1,,"['DUP1', 'SWAP3', 'POP', 'POP', 'PUSH1', 'DUP10', 'ADD', 'CALLDATALOAD', 'SWAP1', 'POP', 'SWAP3', 'SWAP6', 'SWAP9', 'POP', 'SWAP3', 'SWAP6', 'SWAP9', 'SWAP1', 'SWAP4', 'SWAP7', 'POP']",22,
139,0x1d29Bafa88E83a6D8F757DbFAf8BAf7be8fE08Bf_Ownable_block22.0_input,11.0,730,True,False,754,24.0,1.427,DUP1 PUSH ffffffffffffffffffffffffffffffffffffffff AND PUSH 0 SLOAD PUSH ffffffffffffffffffffffffffffffffffffffff AND PUSH 8be0079c531659141344cd1fd0a4f28419497f9722a3daafe3b4186f6b6457e0 PUSH 0 PUSH 40 MLOAD ,15,11.0,4,4,86.0,"['PUSH1', 'DUP1', 'SLOAD', 'PUSH1', 'MLOAD', 'PUSH1', 'PUSH1', 'PUSH1', 'SHL', 'SUB', 'DUP1', 'DUP6', 'AND', 'SWAP4', 'SWAP3', 'AND', 'SWAP2', 'PUSH32', 'SWAP2']",56,-30.0
140,0x1d29Bafa88E83a6D8F757DbFAf8BAf7be8fE08Bf_LoveVote_block224_input,23.0,68,False,False,87,19.0,29.984,PUSH 40 MLOAD DUP2 SWAP2 PUSH 24 DUP3 ADD DUP5 PUSH ffffffffffffffffffffffffffffffffffffffff AND DUP2 MSTORE POP PUSH 44 DUP3 ADD MSTORE DUP4 PUSH a9059cbb00000000000000000000000000000000000000000000000000000000 PUSH 64 PUSHTAG 311 SWAP4 ADD ,23,23.0,8,6,83.0,"['PUSH1', 'MLOAD', 'PUSH1', 'PUSH1', 'PUSH1', 'SHL', 'SUB', 'DUP4', 'AND', 'PUSH1', 'DUP3', 'ADD', 'MSTORE', 'PUSH1', 'DUP2', 'ADD', 'DUP3', 'SWAP1', 'MSTORE', 'PUSHTAG', 'SWAP1', 'DUP5', 'SWAP1', 'PUSH4', 'PUSH1', 'SHL', 'SWAP1', 'PUSH1', 'ADD']",45,-38.0
141,0x1d29Bafa88E83a6D8F757DbFAf8BAf7be8fE08Bf_LoveVote_block266.0_input,22.0,62,False,False,62,0.0,29.989,PUSH ffffffffffffffffffffffffffffffffffffffffffffffffffffffffffffffe0 PUSH 3f RETURNDATASIZE ADD AND PUSH 40 MLOAD SWAP3 POP PUSH 0 DUP4 PUSH 20 ADD RETURNDATASIZE SWAP3 DUP6 ADD PUSH 40 MSTORE RETURNDATASIZE DUP6 MSTORE ,22,22.0,8,5,59.0,"['PUSH1', 'MLOAD', 'SWAP2', 'POP', 'PUSH1', 'NOT', 'PUSH1', 'RETURNDATASIZE', 'ADD', 'AND', 'DUP3', 'ADD', 'PUSH1', 'MSTORE', 'RETURNDATASIZE', 'DUP3', 'MSTORE', 'RETURNDATASIZE', 'PUSH1', 'PUSH1', 'DUP5', 'ADD']",28,-31.0
142,0x1d29Bafa88E83a6D8F757DbFAf8BAf7be8fE08Bf_Ownable_block2_input,4.0,10,True,False,10,0.0,0.024,POP PUSH 4 CALLDATASIZE LT ,4,4.0,2,1,5.0,"['POP', 'PUSH1', 'CALLDATASIZE', 'LT']",5,0.0
143,0x1d29Bafa88E83a6D8F757DbFAf8BAf7be8fE08Bf_LoveVote_block86_input,25.0,798,False,False,813,15.0,20.041,SWAP1 PUSH 0 CALLER DUP4 SWAP5 POP POP MSTORE PUSH 7 MUL SWAP1 POP PUSH 20 PUSH 0 KECCAK256 ADD DUP1 SLOAD PUSH 100 SWAP1 DIV PUSH ffffffffffffffffffffffffffffffffffffffff AND CALLER EQ ,25,25.0,9,5,51.0,"['PUSH1', 'SWAP2', 'DUP3', 'MSTORE', 'PUSH1', 'SWAP1', 'SWAP2', 'KECCAK256', 'PUSH1', 'SWAP1', 'SWAP2', 'MUL', 'ADD', 'DUP1', 'SLOAD', 'SWAP1', 'SWAP2', 'POP', 'PUSH2', 'SWAP1', 'DIV', 'PUSH1', 'PUSH1', 'PUSH1', 'SHL', 'SUB', 'AND', 'CALLER', 'EQ']",37,-14.0
144,0x1d29Bafa88E83a6D8F757DbFAf8BAf7be8fE08Bf_LoveVote_block142_input,6.0,18,True,False,18,0.0,0.022,PUSH 5 DUP2 PUSH ff AND LT ISZERO ,6,6.0,3,2,8.0,"['PUSH1', 'DUP2', 'PUSH1', 'AND', 'LT', 'ISZERO']",8,0.0
145,0x1d29Bafa88E83a6D8F757DbFAf8BAf7be8fE08Bf_LoveVote_block340_input,4.0,12,True,False,12,0.0,0.021,DUP4 DUP2 GT ISZERO ,4,4.0,2,0,4.0,"['DUP4', 'DUP2', 'GT', 'ISZERO']",4,0.0
146,0x1d29Bafa88E83a6D8F757DbFAf8BAf7be8fE08Bf_LoveVote_block173_input,2.0,6,True,False,6,0.0,0.013,PUSHTAG 239 SWAP1 ,2,2.0,1,0,6.0,"['PUSHTAG', 'SWAP1']",6,0.0
147,0x1d29Bafa88E83a6D8F757DbFAf8BAf7be8fE08Bf_LoveVote_block343_input,11.0,31,True,False,43,12.0,3.65,PUSH 1f ADD PUSH ffffffffffffffffffffffffffffffffffffffffffffffffffffffffffffffe0 AND SWAP3 POP POP ADD PUSH 40 ADD SWAP1 ,15,11.0,4,3,45.0,"['PUSH1', 'ADD', 'PUSH1', 'NOT', 'AND', 'SWAP2', 'SWAP1', 'SWAP2', 'ADD', 'PUSH1', 'ADD', 'SWAP3', 'SWAP2', 'POP', 'POP']",18,-27.0
148,0x1d29Bafa88E83a6D8F757DbFAf8BAf7be8fE08Bf_LoveVote_block162_input,,,False,True,2219,,30.029,,37,,14,10,,"['PUSH1', 'SLOAD', 'PUSH1', 'SLOAD', 'PUSH1', 'MLOAD', 'PUSH4', 'PUSH1', 'SHL', 'DUP2', 'MSTORE', 'CALLER', 'PUSH1', 'DUP3', 'ADD', 'MSTORE', 'PUSH1', 'SWAP3', 'SWAP2', 'PUSH1', 'PUSH1', 'PUSH1', 'SHL', 'SUB', 'AND', 'SWAP1', 'PUSH4', 'SWAP1', 'PUSH1', 'ADD', 'PUSH1', 'PUSH1', 'MLOAD', 'DUP1', 'DUP4', 'SUB', 'DUP2', 'DUP7', 'DUP1', 'EXTCODESIZE', 'ISZERO', 'DUP1', 'ISZERO']",63,
149,0x1d29Bafa88E83a6D8F757DbFAf8BAf7be8fE08Bf_LoveVote_block277_input,9.0,27,True,False,27,0.0,0.138,PUSH 0 DUP1 PUSH 0 PUSH 60 DUP5 DUP7 SUB SLT ISZERO ,9,9.0,3,2,12.0,"['PUSH1', 'DUP1', 'PUSH1', 'PUSH1', 'DUP5', 'DUP7', 'SUB', 'SLT', 'ISZERO']",12,0.0
150,0x1d29Bafa88E83a6D8F757DbFAf8BAf7be8fE08Bf_LoveVote_block268_input,5.0,12,True,False,12,0.0,0.026,POP SWAP2 POP SWAP2 POP ,5,5.0,0,0,5.0,"['POP', 'SWAP2', 'POP', 'SWAP2', 'POP']",5,0.0
151,0x1d29Bafa88E83a6D8F757DbFAf8BAf7be8fE08Bf_LoveVote_block104_input,22.0,66,True,False,72,6.0,2.808,PUSH 40 MLOAD PUSH 20 PUSH 8c379a000000000000000000000000000000000000000000000000000000000 DUP3 MSTORE DUP2 PUSH 4 ADD MSTORE PUSH 49742063616e27742062652072656465656d6564207965742100000000000000 PUSH 19 PUSH 24 DUP4 ADD MSTORE PUSH 44 DUP3 ADD MSTORE PUSH 64 ADD ,22,22.0,9,9,93.0,"['PUSH1', 'MLOAD', 'PUSH3', 'PUSH1', 'SHL', 'DUP2', 'MSTORE', 'PUSH1', 'PUSH1', 'DUP3', 'ADD', 'MSTORE', 'PUSH1', 'PUSH1', 'DUP3', 'ADD', 'MSTORE', 'PUSH32', 'PUSH1', 'DUP3', 'ADD', 'MSTORE', 'PUSH1', 'ADD']",67,-26.0
152,0x1d29Bafa88E83a6D8F757DbFAf8BAf7be8fE08Bf_SafeERC20_initial_block2_input,6.0,17,True,False,17,0.0,0.024,ADDRESS PUSH 0 MSTORE PUSH 73 DUP2 MSTORE8 ,6,6.0,3,2,8.0,"['ADDRESS', 'PUSH1', 'MSTORE', 'PUSH1', 'DUP2', 'MSTORE8']",8,0.0
153,0x1d29Bafa88E83a6D8F757DbFAf8BAf7be8fE08Bf_LoveVote_block71_input,15.0,769,True,False,817,48.0,7.903,PUSH 40 PUSH 9 PUSH 20 MSTORE PUSH 0 KECCAK256 DUP1 PUSH 20 MSTORE SLOAD SWAP2 PUSH 0 MSTORE PUSH 0 MSTORE ,22,15.0,6,4,22.0,"['PUSH1', 'PUSH1', 'SWAP1', 'DUP2', 'MSTORE', 'PUSH1', 'SWAP3', 'DUP4', 'MSTORE', 'PUSH1', 'DUP1', 'DUP5', 'KECCAK256', 'SWAP1', 'SWAP2', 'MSTORE', 'SWAP1', 'DUP3', 'MSTORE', 'SWAP1', 'KECCAK256', 'SLOAD']",26,4.0
154,0x1d29Bafa88E83a6D8F757DbFAf8BAf7be8fE08Bf_LoveVote_block232_input,1.0,2,True,False,2,0.0,0.014,POP ,1,1.0,0,0,1.0,['POP'],1,0.0
155,0x1d29Bafa88E83a6D8F757DbFAf8BAf7be8fE08Bf_LoveVote_initial_block3.1_input,,,False,True,11557,,49.944,,40,,13,9,,"['POP', 'CALLER', 'PUSH1', 'SWAP1', 'DUP2', 'MSTORE', 'PUSH1', 'PUSH1', 'MSTORE', 'PUSH1', 'SWAP1', 'KECCAK256', 'DUP1', 'SLOAD', 'PUSH1', 'NOT', 'AND', 'PUSH1', 'OR', 'SWAP1', 'SSTORE', 'PUSH1', 'DUP1', 'SLOAD', 'PUSH1', 'PUSH1', 'PUSH1', 'SHL', 'SUB', 'SWAP3', 'SWAP1', 'SWAP3', 'AND', 'PUSH1', 'PUSH1', 'PUSH1', 'SHL', 'SUB', 'NOT', 'SWAP1', 'SWAP3', 'AND', 'SWAP2', 'SWAP1', 'SWAP2', 'OR', 'SWAP1', 'SSTORE']",61,
156,0x1d29Bafa88E83a6D8F757DbFAf8BAf7be8fE08Bf_LoveVote_block273_input,6.0,18,True,False,18,0.0,0.051,DUP3 MLOAD DUP1 DUP5 PUSH 20 ADD ,6,6.0,2,1,7.0,"['DUP3', 'MLOAD', 'DUP1', 'DUP5', 'PUSH1', 'ADD']",7,0.0
157,0x1d29Bafa88E83a6D8F757DbFAf8BAf7be8fE08Bf_LoveVote_block197_input,9.0,27,True,False,33,6.0,0.038,PUSH 40 MLOAD PUSH 8c379a000000000000000000000000000000000000000000000000000000000 DUP2 MSTORE PUSHTAG 121 SWAP1 PUSH 4 ADD ,9,9.0,4,3,47.0,"['PUSH1', 'MLOAD', 'PUSH3', 'PUSH1', 'SHL', 'DUP2', 'MSTORE', 'PUSH1', 'ADD', 'PUSHTAG', 'SWAP1']",21,-26.0
158,0x1d29Bafa88E83a6D8F757DbFAf8BAf7be8fE08Bf_Ownable_block25_input,7.0,21,True,False,33,12.0,0.047,DUP2 CALLDATALOAD DUP1 PUSH ffffffffffffffffffffffffffffffffffffffff AND DUP2 EQ ,7,7.0,3,1,27.0,"['DUP2', 'CALLDATALOAD', 'PUSH1', 'PUSH1', 'PUSH1', 'SHL', 'SUB', 'DUP2', 'AND', 'DUP2', 'EQ']",14,-13.0
159,0x1d29Bafa88E83a6D8F757DbFAf8BAf7be8fE08Bf_LoveVote_block150_input,,,False,True,832,,49.967,,27,,9,5,,"['PUSH1', 'DUP7', 'DUP2', 'MSTORE', 'PUSH1', 'PUSH1', 'SWAP1', 'DUP2', 'MSTORE', 'PUSH1', 'DUP1', 'DUP4', 'KECCAK256', 'PUSH1', 'DUP6', 'AND', 'DUP5', 'MSTORE', 'SWAP1', 'SWAP2', 'MSTORE', 'SWAP1', 'KECCAK256', 'SLOAD', 'DUP3', 'LT', 'ISZERO']",32,
160,0x1d29Bafa88E83a6D8F757DbFAf8BAf7be8fE08Bf_Ownable_block16_input,6.0,714,True,False,726,12.0,0.026,PUSH 0 SLOAD PUSH ffffffffffffffffffffffffffffffffffffffff AND CALLER EQ ,6,6.0,4,2,27.0,"['PUSH1', 'SLOAD', 'PUSH1', 'PUSH1', 'PUSH1', 'SHL', 'SUB', 'AND', 'CALLER', 'EQ']",14,-13.0
161,0x1d29Bafa88E83a6D8F757DbFAf8BAf7be8fE08Bf_Address_block0_input,6.0,17,True,False,17,0.0,0.027,ADDRESS PUSHDEPLOYADDRESS EQ PUSH 80 PUSH 40 MSTORE ,6,6.0,4,2,28.0,"['PUSHDEPLOYADDRESS', 'ADDRESS', 'EQ', 'PUSH1', 'PUSH1', 'MSTORE']",28,0.0
162,0x1d29Bafa88E83a6D8F757DbFAf8BAf7be8fE08Bf_LoveVote_block311_input,6.0,18,True,False,24,6.0,0.025,PUSH 32 PUSH 4 MSTORE PUSH 4e487b7100000000000000000000000000000000000000000000000000000000 PUSH 0 MSTORE ,6,6.0,2,4,41.0,"['PUSH4', 'PUSH1', 'SHL', 'PUSH1', 'MSTORE', 'PUSH1', 'PUSH1', 'MSTORE']",16,-25.0
163,0x1d29Bafa88E83a6D8F757DbFAf8BAf7be8fE08Bf_LoveVote_block0_input,6.0,16,True,False,17,1.0,0.023,PUSH 80 PUSH 40 MSTORE CALLVALUE CALLVALUE ISZERO ,6,6.0,3,2,8.0,"['PUSH1', 'PUSH1', 'MSTORE', 'CALLVALUE', 'DUP1', 'ISZERO']",8,0.0
164,0x1d29Bafa88E83a6D8F757DbFAf8BAf7be8fE08Bf_LoveVote_block230_input,19.0,57,True,False,62,5.0,15.489,PUSH 0 PUSHTAG 315 DUP4 DUP4 PUSH 40 MLOAD PUSH 1a PUSH 40 DUP3 ADD PUSH 40 MSTORE DUP2 MSTORE PUSH 536166654d6174683a206469766973696f6e206279207a65726f000000000000 DUP2 PUSH 20 ADD MSTORE ,21,19.0,7,5,61.0,"['PUSH1', 'PUSHTAG', 'DUP4', 'DUP4', 'PUSH1', 'MLOAD', 'DUP1', 'PUSH1', 'ADD', 'PUSH1', 'MSTORE', 'DUP1', 'PUSH1', 'DUP2', 'MSTORE', 'PUSH1', 'ADD', 'PUSH32', 'DUP2', 'MSTORE', 'POP']",63,2.0
165,0x1d29Bafa88E83a6D8F757DbFAf8BAf7be8fE08Bf_LoveVote_block10_input,3.0,9,True,False,9,0.0,0.023,PUSH ff4fce41 DUP2 EQ ,3,3.0,1,1,7.0,"['DUP1', 'PUSH4', 'EQ']",7,0.0
166,0x1d29Bafa88E83a6D8F757DbFAf8BAf7be8fE08Bf_LoveVote_block306_input,17.0,47,False,False,47,0.0,10.014,SWAP3 POP POP SWAP3 POP PUSH 20 DUP3 ADD CALLDATALOAD SWAP2 PUSH 40 ADD CALLDATALOAD SWAP2 SWAP3 POP SWAP3 ,17,17.0,4,2,19.0,"['SWAP6', 'PUSH1', 'DUP6', 'ADD', 'CALLDATALOAD', 'SWAP6', 'POP', 'PUSH1', 'SWAP1', 'SWAP5', 'ADD', 'CALLDATALOAD', 'SWAP4', 'SWAP3', 'POP', 'POP', 'POP']",19,0.0
167,0x1d29Bafa88E83a6D8F757DbFAf8BAf7be8fE08Bf_LoveVote_block165.1_input,1.0,2,True,False,2,0.0,0.014,RETURNDATASIZE ,1,1.0,1,0,1.0,['RETURNDATASIZE'],1,0.0
168,0x1d29Bafa88E83a6D8F757DbFAf8BAf7be8fE08Bf_LoveVote_block26_input,3.0,9,True,False,9,0.0,0.016,PUSH 13ca4a88 DUP2 EQ ,3,3.0,1,1,7.0,"['DUP1', 'PUSH4', 'EQ']",7,0.0
169,0x1d29Bafa88E83a6D8F757DbFAf8BAf7be8fE08Bf_LoveVote_block47_input,16.0,1469,True,False,1499,30.0,19.607,PUSH 0 MSTORE PUSH 6 PUSH 20 MSTORE PUSH 40 PUSH 0 KECCAK256 PUSH ffffffffffffffffffffffffffffffffffffffff DUP2 SLOAD AND SWAP1 PUSH 1 ADD SLOAD ,22,16.0,7,6,42.0,"['PUSH1', 'PUSH1', 'MSTORE', 'PUSH1', 'SWAP1', 'DUP2', 'MSTORE', 'PUSH1', 'SWAP1', 'KECCAK256', 'DUP1', 'SLOAD', 'PUSH1', 'SWAP1', 'SWAP2', 'ADD', 'SLOAD', 'PUSH1', 'PUSH1', 'PUSH1', 'SHL', 'SUB', 'SWAP1', 'SWAP2', 'AND', 'SWAP1']",34,-8.0
170,0x1d29Bafa88E83a6D8F757DbFAf8BAf7be8fE08Bf_LoveVote_block3_input,7.0,21,True,False,21,0.0,0.036,PUSH 0 CALLDATALOAD PUSH e0 SHR DUP1 PUSH c04c396c GT ,7,7.0,3,3,13.0,"['PUSH1', 'CALLDATALOAD', 'PUSH1', 'SHR', 'DUP1', 'PUSH4', 'GT']",13,0.0
171,0x1d29Bafa88E83a6D8F757DbFAf8BAf7be8fE08Bf_LoveVote_block236_input,27.0,81,False,False,93,12.0,59.879,PUSH 40 MLOAD PUSH 20 PUSH 4 DUP3 ADD PUSH 8c379a000000000000000000000000000000000000000000000000000000000 DUP4 MSTORE MSTORE PUSH 21 PUSH 24 DUP3 ADD MSTORE PUSH 536166654d6174683a206d756c7469706c69636174696f6e206f766572666c6f PUSH 44 DUP3 ADD MSTORE PUSH 7700000000000000000000000000000000000000000000000000000000000000 PUSH 64 DUP3 ADD MSTORE PUSH 84 ADD ,27,27.0,11,11,131.0,"['PUSH1', 'MLOAD', 'PUSH3', 'PUSH1', 'SHL', 'DUP2', 'MSTORE', 'PUSH1', 'PUSH1', 'DUP3', 'ADD', 'MSTORE', 'PUSH1', 'PUSH1', 'DUP3', 'ADD', 'MSTORE', 'PUSH32', 'PUSH1', 'DUP3', 'ADD', 'MSTORE', 'PUSH1', 'PUSH1', 'SHL', 'PUSH1', 'DUP3', 'ADD', 'MSTORE', 'PUSH1', 'ADD']",77,-54.0
172,0x1d29Bafa88E83a6D8F757DbFAf8BAf7be8fE08Bf_LoveVote_block167_input,1.0,3,True,False,3,0.0,0.015,GT ,1,1.0,1,0,1.0,['GT'],1,0.0
173,0x1d29Bafa88E83a6D8F757DbFAf8BAf7be8fE08Bf_LoveVote_block148_input,16.0,772,True,False,817,45.0,42.897,DUP4 PUSH 0 MSTORE PUSH 0 DUP1 MSTORE PUSH 40 PUSH 9 PUSH 20 MSTORE PUSH 0 KECCAK256 DUP1 PUSH 20 MSTORE SLOAD ,22,16.0,6,4,23.0,"['PUSH1', 'DUP5', 'DUP2', 'MSTORE', 'PUSH1', 'PUSH1', 'SWAP1', 'DUP2', 'MSTORE', 'PUSH1', 'DUP1', 'DUP4', 'KECCAK256', 'DUP4', 'DUP1', 'MSTORE', 'SWAP1', 'SWAP2', 'MSTORE', 'SWAP1', 'KECCAK256', 'SLOAD']",26,3.0
174,0x1d29Bafa88E83a6D8F757DbFAf8BAf7be8fE08Bf_Ownable_block13_input,22.0,66,True,False,75,9.0,5.996,PUSH 40 MLOAD PUSH 20 PUSH 4 DUP3 ADD PUSH 8c379a000000000000000000000000000000000000000000000000000000000 DUP4 MSTORE MSTORE PUSH 4f776e61626c653a2063616c6c6572206973206e6f7420746865206f776e6572 PUSH 20 DUP3 PUSH 24 ADD MSTORE PUSH 44 DUP3 ADD MSTORE PUSH 64 ADD ,23,22.0,9,8,93.0,"['PUSH1', 'MLOAD', 'PUSH3', 'PUSH1', 'SHL', 'DUP2', 'MSTORE', 'PUSH1', 'PUSH1', 'DUP3', 'ADD', 'DUP2', 'SWAP1', 'MSTORE', 'PUSH1', 'DUP3', 'ADD', 'MSTORE', 'PUSH32', 'PUSH1', 'DUP3', 'ADD', 'MSTORE', 'PUSH1', 'ADD']",67,-26.0
175,0x1d29Bafa88E83a6D8F757DbFAf8BAf7be8fE08Bf_LoveVote_block19_input,3.0,9,True,False,9,0.0,0.019,PUSH 8da5cb5b DUP2 EQ ,3,3.0,1,1,7.0,"['DUP1', 'PUSH4', 'EQ']",7,0.0
176,0x1d29Bafa88E83a6D8F757DbFAf8BAf7be8fE08Bf_LoveVote_block177_input,,,False,True,5868,,59.853,,40,,11,6,,"['DUP2', 'MSTORE', 'PUSH1', 'DUP1', 'DUP3', 'ADD', 'SWAP3', 'SWAP1', 'SWAP3', 'MSTORE', 'PUSH1', 'SWAP1', 'DUP2', 'ADD', 'PUSH1', 'SWAP1', 'DUP2', 'KECCAK256', 'DUP2', 'DUP1', 'MSTORE', 'SWAP1', 'SWAP3', 'MSTORE', 'DUP2', 'KECCAK256', 'SWAP2', 'SWAP1', 'SWAP2', 'SSTORE', 'PUSH1', 'SLOAD', 'DUP10', 'SWAP2', 'PUSH1', 'SWAP2', 'PUSHTAG', 'SWAP1', 'PUSH1', 'SWAP1']",50,
177,0x1d29Bafa88E83a6D8F757DbFAf8BAf7be8fE08Bf_LoveVote_block178_input,,,False,True,5872,,59.974,,36,,11,6,,"['DUP2', 'MSTORE', 'PUSH1', 'ADD', 'SWAP1', 'DUP2', 'MSTORE', 'PUSH1', 'ADD', 'PUSH1', 'KECCAK256', 'PUSH1', 'PUSH1', 'PUSH1', 'AND', 'DUP2', 'MSTORE', 'PUSH1', 'ADD', 'SWAP1', 'DUP2', 'MSTORE', 'PUSH1', 'ADD', 'PUSH1', 'KECCAK256', 'DUP2', 'SWAP1', 'SSTORE', 'POP', 'DUP7', 'PUSH1', 'PUSH1', 'PUSH1', 'PUSH1', 'DUP1', 'SLOAD', 'SWAP1', 'POP', 'PUSHTAG', 'SWAP2', 'SWAP1']",59,
178,0x1d29Bafa88E83a6D8F757DbFAf8BAf7be8fE08Bf_LoveVote_block204_input,35.0,5128,False,False,5155,27.0,59.994,DUP7 SWAP1 DUP3 SWAP3 PUSH 1 ADD SSTORE PUSHTAG 280 DUP7 PUSH ff AND PUSH 0 SWAP3 DUP4 MSTORE PUSH 40 DUP8 SWAP3 SWAP4 CALLER DUP2 SWAP1 SWAP1 MSTORE KECCAK256 SWAP1 PUSH a PUSH 20 MSTORE PUSH 5 DUP3 PUSH 20 MSTORE DUP2 LT ,35,35.0,11,7,47.0,"['PUSH1', 'DUP3', 'ADD', 'SSTORE', 'PUSH1', 'DUP7', 'DUP2', 'MSTORE', 'PUSH1', 'PUSH1', 'SWAP1', 'DUP2', 'MSTORE', 'PUSH1', 'DUP1', 'DUP4', 'KECCAK256', 'CALLER', 'DUP5', 'MSTORE', 'SWAP1', 'SWAP2', 'MSTORE', 'SWAP1', 'KECCAK256', 'PUSHTAG', 'SWAP1', 'DUP6', 'SWAP1', 'PUSH1', 'DUP9', 'AND', 'PUSH1', 'DUP2', 'LT']",46,-1.0
179,0x1d29Bafa88E83a6D8F757DbFAf8BAf7be8fE08Bf_LoveVote_initial_block9.0_input,4.0,12,True,False,12,0.0,0.022,PUSH#[$] 0 PUSH#[$] 0 PUSH[$] 0 PUSH 0 ,4,4.0,2,1,17.0,"['PUSH#[$]', 'DUP1', 'PUSH[$]', 'PUSH1']",13,-4.0
180,0x1d29Bafa88E83a6D8F757DbFAf8BAf7be8fE08Bf_LoveVote_block307_input,9.0,27,True,False,27,0.0,0.135,PUSH 0 DUP1 PUSH 0 PUSH 60 DUP5 DUP7 SUB SLT ISZERO ,9,9.0,3,2,12.0,"['PUSH1', 'DUP1', 'PUSH1', 'PUSH1', 'DUP5', 'DUP7', 'SUB', 'SLT', 'ISZERO']",12,0.0
181,0x1d29Bafa88E83a6D8F757DbFAf8BAf7be8fE08Bf_LoveVote_block12_input,3.0,9,True,False,9,0.0,0.021,PUSH c04c396c DUP2 EQ ,3,3.0,1,1,7.0,"['DUP1', 'PUSH4', 'EQ']",7,0.0
182,0x1d29Bafa88E83a6D8F757DbFAf8BAf7be8fE08Bf_LoveVote_block171_input,22.0,66,True,False,78,12.0,3.147,PUSH 40 MLOAD PUSH 20 PUSH 8c379a000000000000000000000000000000000000000000000000000000000 DUP3 MSTORE DUP2 PUSH 4 ADD MSTORE PUSH 5065726d697373696f6e2064656e696564000000000000000000000000000000 PUSH 11 PUSH 24 DUP4 ADD MSTORE PUSH 44 DUP3 ADD MSTORE PUSH 64 ADD ,22,22.0,9,9,93.0,"['PUSH1', 'MLOAD', 'PUSH3', 'PUSH1', 'SHL', 'DUP2', 'MSTORE', 'PUSH1', 'PUSH1', 'DUP3', 'ADD', 'MSTORE', 'PUSH1', 'PUSH1', 'DUP3', 'ADD', 'MSTORE', 'PUSH17', 'PUSH1', 'SHL', 'PUSH1', 'DUP3', 'ADD', 'MSTORE', 'PUSH1', 'ADD']",55,-38.0
183,0x1d29Bafa88E83a6D8F757DbFAf8BAf7be8fE08Bf_Ownable_block4_input,3.0,9,True,False,9,0.0,0.025,PUSH 8da5cb5b DUP2 EQ ,3,3.0,1,1,7.0,"['DUP1', 'PUSH4', 'EQ']",7,0.0
184,0x1d29Bafa88E83a6D8F757DbFAf8BAf7be8fE08Bf_LoveVote_block315_input,8.0,24,True,False,24,0.0,0.07,PUSH 0 PUSH ff DUP3 AND DUP1 PUSH ff EQ ISZERO ,8,8.0,3,2,11.0,"['PUSH1', 'PUSH1', 'DUP3', 'AND', 'PUSH1', 'DUP2', 'EQ', 'ISZERO']",11,0.0
185,0x1d29Bafa88E83a6D8F757DbFAf8BAf7be8fE08Bf_LoveVote_block345_input,5.0,13,True,False,22,9.0,0.046,SWAP3 POP POP ADD SWAP1 ,8,5.0,1,0,5.0,"['SWAP2', 'SWAP1', 'SWAP2', 'ADD', 'SWAP3', 'SWAP2', 'POP', 'POP']",8,3.0
186,0x1d29Bafa88E83a6D8F757DbFAf8BAf7be8fE08Bf_LoveVote_block155_input,,,False,True,10744,,29.965,,19,,8,4,,"['TIMESTAMP', 'PUSH1', 'DUP3', 'ADD', 'SSTORE', 'PUSH1', 'ADD', 'DUP1', 'SLOAD', 'PUSH2', 'NOT', 'AND', 'PUSH2', 'OR', 'SWAP1', 'SSTORE', 'POP', 'POP', 'POP']",25,
187,0x1d29Bafa88E83a6D8F757DbFAf8BAf7be8fE08Bf_LoveVote_block284_input,7.0,21,True,False,21,0.0,0.048,DUP1 CALLDATALOAD DUP1 PUSH ff AND DUP2 EQ ,7,7.0,3,1,8.0,"['DUP1', 'CALLDATALOAD', 'PUSH1', 'DUP2', 'AND', 'DUP2', 'EQ']",8,0.0
188,0x1d29Bafa88E83a6D8F757DbFAf8BAf7be8fE08Bf_LoveVote_block271_input,1.0,2,True,False,2,0.0,0.016,POP ,1,1.0,0,0,1.0,['POP'],1,0.0
189,0x1d29Bafa88E83a6D8F757DbFAf8BAf7be8fE08Bf_LoveVote_block78_input,19.0,84,True,False,117,33.0,11.536,PUSH 40 DUP3 DUP5 PUSH 0 MSTORE PUSH 0 MSTORE PUSH 0 KECCAK256 DUP1 PUSH a PUSH 20 MSTORE PUSH 20 MSTORE DUP2 PUSH 5 DUP2 LT ,21,19.0,6,5,27.0,"['PUSH1', 'PUSH1', 'MSTORE', 'DUP3', 'PUSH1', 'MSTORE', 'PUSH1', 'PUSH1', 'KECCAK256', 'PUSH1', 'MSTORE', 'DUP2', 'PUSH1', 'MSTORE', 'PUSH1', 'PUSH1', 'KECCAK256', 'DUP2', 'PUSH1', 'DUP2', 'LT']",31,4.0
190,0x1d29Bafa88E83a6D8F757DbFAf8BAf7be8fE08Bf_Address_initial_block0.1_input,6.0,18,True,False,18,0.0,0.037,DUP1 MLOAD PUSH 0 BYTE PUSH 73 EQ ,6,6.0,3,2,8.0,"['DUP1', 'MLOAD', 'PUSH1', 'BYTE', 'PUSH1', 'EQ']",8,0.0
191,0x1d29Bafa88E83a6D8F757DbFAf8BAf7be8fE08Bf_LoveVote_block313_input,16.0,48,True,False,48,0.0,1.247,PUSH 20 DUP2 DUP2 ADD MSTORE PUSH 4f776e61626c653a2063616c6c6572206973206e6f7420746865206f776e6572 PUSH 40 DUP3 ADD MSTORE PUSH 60 PUSH 20 DUP3 MSTORE ADD SWAP1 ,16,16.0,6,4,52.0,"['PUSH1', 'DUP1', 'DUP3', 'MSTORE', 'DUP2', 'DUP2', 'ADD', 'MSTORE', 'PUSH32', 'PUSH1', 'DUP3', 'ADD', 'MSTORE', 'PUSH1', 'ADD', 'SWAP1']",51,-1.0
192,0x1d29Bafa88E83a6D8F757DbFAf8BAf7be8fE08Bf_LoveVote_block45_input,10.0,727,True,False,745,18.0,0.256,PUSH 40 MLOAD PUSH ffffffffffffffffffffffffffffffffffffffff PUSH 0 SLOAD AND DUP2 MSTORE PUSH 20 ADD ,12,10.0,5,4,33.0,"['PUSH1', 'SLOAD', 'PUSH1', 'MLOAD', 'PUSH1', 'PUSH1', 'PUSH1', 'SHL', 'SUB', 'SWAP1', 'SWAP2', 'AND', 'DUP2', 'MSTORE', 'PUSH1', 'ADD']",22,-11.0
193,0x1d29Bafa88E83a6D8F757DbFAf8BAf7be8fE08Bf_LoveVote_block168_input,22.0,66,True,False,78,12.0,3.032,PUSH 40 MLOAD PUSH 20 PUSH 8c379a000000000000000000000000000000000000000000000000000000000 DUP3 MSTORE DUP2 PUSH 4 ADD MSTORE PUSH 496e73756666696369656e742062616c616e6365210000000000000000000000 PUSH 15 PUSH 24 DUP4 ADD MSTORE PUSH 44 DUP3 ADD MSTORE PUSH 64 ADD ,22,22.0,9,9,93.0,"['PUSH1', 'MLOAD', 'PUSH3', 'PUSH1', 'SHL', 'DUP2', 'MSTORE', 'PUSH1', 'PUSH1', 'DUP3', 'ADD', 'MSTORE', 'PUSH1', 'PUSH1', 'DUP3', 'ADD', 'MSTORE', 'PUSH21', 'PUSH1', 'SHL', 'PUSH1', 'DUP3', 'ADD', 'MSTORE', 'PUSH1', 'ADD']",59,-34.0
194,0x1d29Bafa88E83a6D8F757DbFAf8BAf7be8fE08Bf_LoveVote_block115_input,7.0,1415,True,False,1415,0.0,0.065,ADD SLOAD DUP4 PUSH 1 ADD SLOAD SWAP1 ,7,7.0,4,1,8.0,"['ADD', 'SLOAD', 'PUSH1', 'DUP5', 'ADD', 'SLOAD', 'SWAP1']",8,0.0
195,0x1d29Bafa88E83a6D8F757DbFAf8BAf7be8fE08Bf_LoveVote_block180_input,,,False,True,5868,,59.988,,40,,11,7,,"['DUP2', 'MSTORE', 'PUSH1', 'DUP1', 'DUP3', 'ADD', 'SWAP3', 'SWAP1', 'SWAP3', 'MSTORE', 'PUSH1', 'SWAP1', 'DUP2', 'ADD', 'PUSH1', 'SWAP1', 'DUP2', 'KECCAK256', 'PUSH1', 'DUP3', 'MSTORE', 'SWAP1', 'SWAP3', 'MSTORE', 'DUP2', 'KECCAK256', 'SWAP2', 'SWAP1', 'SWAP2', 'SSTORE', 'PUSH1', 'SLOAD', 'DUP7', 'SWAP2', 'PUSH1', 'SWAP2', 'PUSHTAG', 'SWAP1', 'PUSH1', 'SWAP1']",51,
196,0x1d29Bafa88E83a6D8F757DbFAf8BAf7be8fE08Bf_Address_initial_block1_input,6.0,18,True,False,24,6.0,0.023,PUSH 4e487b7100000000000000000000000000000000000000000000000000000000 PUSH 0 MSTORE PUSH 0 PUSH 4 MSTORE ,6,6.0,2,3,41.0,"['PUSH4', 'PUSH1', 'SHL', 'PUSH1', 'MSTORE', 'PUSH1', 'PUSH1', 'MSTORE']",16,-25.0
197,0x1d29Bafa88E83a6D8F757DbFAf8BAf7be8fE08Bf_LoveVote_block196_input,9.0,726,True,False,729,3.0,0.122,PUSH ff PUSH 100 DUP3 PUSH 3 ADD SLOAD DIV AND ISZERO ,10,9.0,5,3,13.0,"['PUSH1', 'DUP2', 'ADD', 'SLOAD', 'PUSH2', 'SWAP1', 'DIV', 'PUSH1', 'AND', 'ISZERO']",14,1.0
198,0x1d29Bafa88E83a6D8F757DbFAf8BAf7be8fE08Bf_LoveVote_block151_input,,,False,True,6567,,60.0,,41,,12,7,,"['PUSH1', 'DUP7', 'DUP2', 'MSTORE', 'PUSH1', 'PUSH1', 'SWAP1', 'DUP2', 'MSTORE', 'PUSH1', 'DUP1', 'DUP4', 'KECCAK256', 'PUSH1', 'DUP6', 'AND', 'DUP1', 'DUP6', 'MSTORE', 'SWAP3', 'MSTORE', 'SWAP1', 'SWAP2', 'KECCAK256', 'SLOAD', 'PUSH1', 'DUP6', 'ADD', 'DUP1', 'SLOAD', 'PUSH1', 'NOT', 'AND', 'SWAP1', 'SWAP3', 'OR', 'SWAP1', 'SWAP2', 'SSTORE', 'SWAP2', 'POP']",48,
199,0x1d29Bafa88E83a6D8F757DbFAf8BAf7be8fE08Bf_LoveVote_block166_input,,,False,True,69,,19.991,,25,,8,3,,"['POP', 'POP', 'POP', 'POP', 'PUSH1', 'MLOAD', 'RETURNDATASIZE', 'PUSH1', 'NOT', 'PUSH1', 'DUP3', 'ADD', 'AND', 'DUP3', 'ADD', 'DUP1', 'PUSH1', 'MSTORE', 'POP', 'DUP2', 'ADD', 'SWAP1', 'PUSHTAG', 'SWAP2', 'SWAP1']",33,
200,0x1d29Bafa88E83a6D8F757DbFAf8BAf7be8fE08Bf_Ownable_initial_block2.0_input,16.0,5739,True,False,5773,34.0,15.646,POP CALLER CALLER PUSH 0 DUP3 PUSH ffffffffffffffffffffffff0000000000000000000000000000000000000000 PUSH 0 SLOAD AND OR PUSH 0 SSTORE PUSH 8be0079c531659141344cd1fd0a4f28419497f9722a3daafe3b4186f6b6457e0 PUSH 0 PUSH 40 MLOAD ,23,16.0,6,4,85.0,"['POP', 'PUSH1', 'DUP1', 'SLOAD', 'PUSH1', 'PUSH1', 'PUSH1', 'SHL', 'SUB', 'NOT', 'AND', 'CALLER', 'SWAP1', 'DUP2', 'OR', 'DUP3', 'SSTORE', 'PUSH1', 'MLOAD', 'SWAP1', 'SWAP2', 'DUP3', 'SWAP2', 'PUSH32', 'SWAP1', 'DUP3', 'SWAP1']",64,-21.0
201,0x1d29Bafa88E83a6D8F757DbFAf8BAf7be8fE08Bf_LoveVote_block234_input,2.0,5,True,False,5,0.0,0.018,SWAP1 POP ,2,2.0,0,0,2.0,"['SWAP1', 'POP']",2,0.0
202,0x1d29Bafa88E83a6D8F757DbFAf8BAf7be8fE08Bf_LoveVote_block262_input,2.0,703,True,False,703,0.0,0.02,DUP5 EXTCODESIZE ,2,2.0,1,0,2.0,"['DUP5', 'EXTCODESIZE']",2,0.0
203,0x1d29Bafa88E83a6D8F757DbFAf8BAf7be8fE08Bf_LoveVote_block247_input,9.0,27,True,False,36,9.0,0.474,DUP1 PUSH 20 ADD DUP1 DUP3 MLOAD ADD PUSHTAG 346 SWAP2 ,12,9.0,4,1,14.0,"['DUP1', 'DUP1', 'PUSH1', 'ADD', 'SWAP1', 'MLOAD', 'DUP2', 'ADD', 'SWAP1', 'PUSHTAG', 'SWAP2', 'SWAP1']",17,3.0
204,0x1d29Bafa88E83a6D8F757DbFAf8BAf7be8fE08Bf_LoveVote_block328_input,11.0,35,True,False,38,3.0,0.456,PUSH 0 DUP2 ISZERO ISZERO DUP3 PUSH ffffffffffffffffffffffffffffffffffffffffffffffffffffffffffffffff DIV DUP5 GT AND ISZERO ,12,11.0,6,2,44.0,"['PUSH1', 'DUP2', 'PUSH1', 'NOT', 'DIV', 'DUP4', 'GT', 'DUP3', 'ISZERO', 'ISZERO', 'AND', 'ISZERO']",14,-30.0
205,0x1d29Bafa88E83a6D8F757DbFAf8BAf7be8fE08Bf_LoveVote_block170_input,1.0,3,True,False,3,0.0,0.019,GT ,1,1.0,1,0,1.0,['GT'],1,0.0
206,0x1d29Bafa88E83a6D8F757DbFAf8BAf7be8fE08Bf_LoveVote_block222_input,4.0,10,True,False,13,3.0,0.028,POP POP PUSH 1 SWAP1 ,5,4.0,0,1,5.0,"['POP', 'PUSH1', 'SWAP2', 'SWAP1', 'POP']",6,1.0
207,0x1d29Bafa88E83a6D8F757DbFAf8BAf7be8fE08Bf_LoveVote_block244.0_input,11.0,730,True,False,754,24.0,1.805,DUP1 PUSH ffffffffffffffffffffffffffffffffffffffff AND PUSH 0 SLOAD PUSH ffffffffffffffffffffffffffffffffffffffff AND PUSH 8be0079c531659141344cd1fd0a4f28419497f9722a3daafe3b4186f6b6457e0 PUSH 0 PUSH 40 MLOAD ,15,11.0,4,4,86.0,"['PUSH1', 'DUP1', 'SLOAD', 'PUSH1', 'MLOAD', 'PUSH1', 'PUSH1', 'PUSH1', 'SHL', 'SUB', 'DUP1', 'DUP6', 'AND', 'SWAP4', 'SWAP3', 'AND', 'SWAP2', 'PUSH32', 'SWAP2']",56,-30.0
208,0x1d29Bafa88E83a6D8F757DbFAf8BAf7be8fE08Bf_LoveVote_block314_input,6.0,18,True,False,24,6.0,0.022,PUSH 11 PUSH 4 MSTORE PUSH 4e487b7100000000000000000000000000000000000000000000000000000000 PUSH 0 MSTORE ,6,6.0,2,4,41.0,"['PUSH4', 'PUSH1', 'SHL', 'PUSH1', 'MSTORE', 'PUSH1', 'PUSH1', 'MSTORE']",16,-25.0
209,0x1d29Bafa88E83a6D8F757DbFAf8BAf7be8fE08Bf_LoveVote_block298_input,6.0,15,True,False,23,8.0,0.678,SWAP4 POP POP SWAP1 POP SWAP2 ,9,6.0,0,0,6.0,"['DUP1', 'SWAP2', 'POP', 'POP', 'SWAP3', 'POP', 'SWAP3', 'SWAP1', 'POP']",9,3.0
210,0x1d29Bafa88E83a6D8F757DbFAf8BAf7be8fE08Bf_LoveVote_block149_input,6.0,18,True,False,18,0.0,0.028,PUSH 5 DUP2 PUSH ff AND LT ISZERO ,6,6.0,3,2,8.0,"['PUSH1', 'DUP2', 'PUSH1', 'AND', 'LT', 'ISZERO']",8,0.0
211,0x1d29Bafa88E83a6D8F757DbFAf8BAf7be8fE08Bf_LoveVote_block319_input,7.0,21,True,False,21,0.0,0.061,PUSH 0 PUSH 20 DUP3 DUP5 SUB SLT ISZERO ,7,7.0,3,2,9.0,"['PUSH1', 'PUSH1', 'DUP3', 'DUP5', 'SUB', 'SLT', 'ISZERO']",9,0.0
212,0x1d29Bafa88E83a6D8F757DbFAf8BAf7be8fE08Bf_LoveVote_block199_input,9.0,27,True,False,33,6.0,0.042,PUSH 40 MLOAD PUSH 8c379a000000000000000000000000000000000000000000000000000000000 DUP2 MSTORE PUSHTAG 121 SWAP1 PUSH 4 ADD ,9,9.0,4,3,47.0,"['PUSH1', 'MLOAD', 'PUSH3', 'PUSH1', 'SHL', 'DUP2', 'MSTORE', 'PUSH1', 'ADD', 'PUSHTAG', 'SWAP1']",21,-26.0
213,0x1d29Bafa88E83a6D8F757DbFAf8BAf7be8fE08Bf_LoveVote_block158_input,2.0,5003,True,False,5003,0.0,0.022,PUSH 1 SSTORE ,2,2.0,1,1,3.0,"['PUSH1', 'SSTORE']",3,0.0
214,0x1d29Bafa88E83a6D8F757DbFAf8BAf7be8fE08Bf_LoveVote_block175_input,2.0,6,True,False,6,0.0,0.02,GT ISZERO ,2,2.0,2,0,2.0,"['GT', 'ISZERO']",2,0.0
215,0x1d29Bafa88E83a6D8F757DbFAf8BAf7be8fE08Bf_LoveVote_block211_input,,,False,True,143,,49.959,,30,,8,5,,"['CALLER', 'PUSH1', 'SWAP1', 'DUP2', 'MSTORE', 'PUSH1', 'PUSH1', 'DUP2', 'DUP2', 'MSTORE', 'PUSH1', 'DUP1', 'DUP5', 'KECCAK256', 'DUP12', 'DUP6', 'MSTORE', 'SWAP1', 'SWAP2', 'MSTORE', 'SWAP1', 'SWAP2', 'KECCAK256', 'SWAP1', 'PUSH1', 'DUP9', 'AND', 'SWAP1', 'DUP2', 'LT']",35,
216,0x1d29Bafa88E83a6D8F757DbFAf8BAf7be8fE08Bf_SafeMath_initial_block0.1_input,6.0,18,True,False,18,0.0,0.028,DUP1 MLOAD PUSH 0 BYTE PUSH 73 EQ ,6,6.0,3,2,8.0,"['DUP1', 'MLOAD', 'PUSH1', 'BYTE', 'PUSH1', 'EQ']",8,0.0
217,0x1d29Bafa88E83a6D8F757DbFAf8BAf7be8fE08Bf_Ownable_block22.1_input,10.0,5724,True,False,5769,45.0,0.835,PUSH ffffffffffffffffffffffffffffffffffffffff SWAP1 AND PUSH ffffffffffffffffffffffff0000000000000000000000000000000000000000 PUSH 0 SLOAD AND OR PUSH 0 SSTORE ,17,10.0,5,3,64.0,"['PUSH1', 'DUP1', 'SLOAD', 'PUSH1', 'PUSH1', 'PUSH1', 'SHL', 'SUB', 'NOT', 'AND', 'PUSH1', 'PUSH1', 'PUSH1', 'SHL', 'SUB', 'SWAP3', 'SWAP1', 'SWAP3', 'AND', 'SWAP2', 'SWAP1', 'SWAP2', 'OR', 'SWAP1', 'SSTORE']",32,-32.0
218,0x1d29Bafa88E83a6D8F757DbFAf8BAf7be8fE08Bf_LoveVote_block270_input,3.0,9,True,False,9,0.0,0.02,PUSH 60 DUP4 ISZERO ,3,3.0,1,1,4.0,"['PUSH1', 'DUP4', 'ISZERO']",4,0.0
219,0x1d29Bafa88E83a6D8F757DbFAf8BAf7be8fE08Bf_LoveVote_block289_input,6.0,15,True,False,18,3.0,0.128,SWAP4 POP POP SWAP1 POP SWAP2 ,7,6.0,0,0,6.0,"['SWAP1', 'POP', 'SWAP3', 'POP', 'SWAP3', 'SWAP1', 'POP']",7,1.0
220,0x1d29Bafa88E83a6D8F757DbFAf8BAf7be8fE08Bf_LoveVote_block30_input,3.0,9,True,False,9,0.0,0.018,PUSH 715018a6 DUP2 EQ ,3,3.0,1,1,7.0,"['DUP1', 'PUSH4', 'EQ']",7,0.0
221,0x1d29Bafa88E83a6D8F757DbFAf8BAf7be8fE08Bf_LoveVote_block98_input,9.0,27,True,False,33,6.0,0.033,PUSH 40 MLOAD PUSH 8c379a000000000000000000000000000000000000000000000000000000000 DUP2 MSTORE PUSHTAG 121 SWAP1 PUSH 4 ADD ,9,9.0,4,3,47.0,"['PUSH1', 'MLOAD', 'PUSH3', 'PUSH1', 'SHL', 'DUP2', 'MSTORE', 'PUSH1', 'ADD', 'PUSHTAG', 'SWAP1']",21,-26.0
222,0x1d29Bafa88E83a6D8F757DbFAf8BAf7be8fE08Bf_LoveVote_block184_input,19.0,84,True,False,117,33.0,11.749,PUSH 5 PUSH 20 MSTORE PUSH 40 PUSH 0 KECCAK256 DUP1 PUSH 20 MSTORE DUP4 PUSH 0 MSTORE DUP3 PUSH 0 MSTORE DUP2 PUSH 5 DUP4 LT ,21,19.0,6,4,27.0,"['PUSH1', 'PUSH1', 'MSTORE', 'DUP3', 'PUSH1', 'MSTORE', 'PUSH1', 'PUSH1', 'KECCAK256', 'PUSH1', 'MSTORE', 'DUP2', 'PUSH1', 'MSTORE', 'PUSH1', 'PUSH1', 'KECCAK256', 'DUP2', 'PUSH1', 'DUP2', 'LT']",31,4.0
223,0x1d29Bafa88E83a6D8F757DbFAf8BAf7be8fE08Bf_LoveVote_block169_input,15.0,767,True,False,782,15.0,2.813,PUSH 1fa40 PUSH 6 PUSH 20 MSTORE PUSHTAG 233 CALLER PUSH 0 MSTORE NUMBER PUSH 1 PUSH 40 PUSH 0 KECCAK256 ADD SLOAD ,20,15.0,8,6,28.0,"['CALLER', 'PUSH1', 'SWAP1', 'DUP2', 'MSTORE', 'PUSH1', 'PUSH1', 'MSTORE', 'PUSH1', 'SWAP1', 'KECCAK256', 'PUSH1', 'ADD', 'SLOAD', 'PUSH3', 'SWAP1', 'PUSHTAG', 'SWAP1', 'NUMBER', 'SWAP1']",32,4.0
224,0x1d29Bafa88E83a6D8F757DbFAf8BAf7be8fE08Bf_LoveVote_initial_block2.0_input,9.0,25,True,False,25,0.0,0.245,POP PUSH 40 MLOAD PUSHSIZE CODESIZE SUB DUP1 PUSHSIZE DUP4 ,9,9.0,4,1,18.0,"['POP', 'PUSH1', 'MLOAD', 'PUSHSIZE', 'CODESIZE', 'SUB', 'DUP1', 'PUSHSIZE', 'DUP4']",18,0.0
225,0x1d29Bafa88E83a6D8F757DbFAf8BAf7be8fE08Bf_LoveVote_block80_input,7.0,715,True,False,718,3.0,0.121,ADD SWAP3 POP POP POP SLOAD DUP2 ,8,7.0,2,0,7.0,"['ADD', 'SLOAD', 'SWAP3', 'POP', 'DUP4', 'SWAP2', 'POP', 'POP']",8,1.0
226,0x1d29Bafa88E83a6D8F757DbFAf8BAf7be8fE08Bf_SafeMath_initial_block1_input,6.0,18,True,False,24,6.0,0.018,PUSH 4e487b7100000000000000000000000000000000000000000000000000000000 PUSH 0 MSTORE PUSH 0 PUSH 4 MSTORE ,6,6.0,2,3,41.0,"['PUSH4', 'PUSH1', 'SHL', 'PUSH1', 'MSTORE', 'PUSH1', 'PUSH1', 'MSTORE']",16,-25.0
227,0x1d29Bafa88E83a6D8F757DbFAf8BAf7be8fE08Bf_LoveVote_block321_input,5.0,13,True,False,13,0.0,0.023,POP SWAP1 POP MLOAD SWAP1 ,5,5.0,1,0,5.0,"['POP', 'MLOAD', 'SWAP2', 'SWAP1', 'POP']",5,0.0
228,0x1d29Bafa88E83a6D8F757DbFAf8BAf7be8fE08Bf_LoveVote_block23_input,3.0,9,True,False,9,0.0,0.021,PUSH b9553fb6 DUP2 EQ ,3,3.0,1,1,7.0,"['DUP1', 'PUSH4', 'EQ']",7,0.0
229,0x1d29Bafa88E83a6D8F757DbFAf8BAf7be8fE08Bf_LoveVote_block101_input,,,False,True,862,,40.035,,37,,12,7,,"['PUSH1', 'SWAP2', 'DUP3', 'MSTORE', 'PUSH1', 'DUP1', 'DUP4', 'KECCAK256', 'CALLER', 'DUP5', 'MSTORE', 'PUSH1', 'SWAP1', 'SWAP2', 'MSTORE', 'PUSH1', 'SWAP1', 'SWAP3', 'KECCAK256', 'PUSH1', 'PUSH1', 'SWAP1', 'SWAP3', 'MUL', 'SWAP1', 'SWAP3', 'ADD', 'SWAP1', 'DUP2', 'ADD', 'SLOAD', 'SWAP1', 'SWAP3', 'POP', 'PUSH1', 'AND', 'ISZERO']",44,
230,0x1d29Bafa88E83a6D8F757DbFAf8BAf7be8fE08Bf_LoveVote_block124_input,5.0,712,True,False,715,3.0,0.032,DUP2 PUSH 8 SLOAD DUP4 LT ,6,5.0,2,1,6.0,"['PUSH1', 'SLOAD', 'DUP3', 'SWAP1', 'DUP2', 'LT']",7,1.0
231,0x1d29Bafa88E83a6D8F757DbFAf8BAf7be8fE08Bf_LoveVote_block136_input,13.0,761,True,False,767,6.0,1.262,POP PUSH 3 PUSH 20 MSTORE PUSH 40 PUSH 0 KECCAK256 SLOAD CALLER PUSH 0 MSTORE PUSH ff AND ,15,13.0,6,5,19.0,"['POP', 'CALLER', 'PUSH1', 'SWAP1', 'DUP2', 'MSTORE', 'PUSH1', 'PUSH1', 'MSTORE', 'PUSH1', 'SWAP1', 'KECCAK256', 'SLOAD', 'PUSH1', 'AND']",20,1.0
232,0x1d29Bafa88E83a6D8F757DbFAf8BAf7be8fE08Bf_LoveVote_block90_input,10.0,5722,True,False,5725,3.0,0.651,PUSH 3 ADD PUSH ffffffffffffffffffffffffffffffffffffffffffffffffffffffffffffff00 DUP2 SLOAD AND SWAP1 SSTORE POP POP ,11,10.0,4,2,43.0,"['PUSH1', 'ADD', 'DUP1', 'SLOAD', 'PUSH1', 'NOT', 'AND', 'SWAP1', 'SSTORE', 'POP', 'POP']",13,-30.0
233,0x1d29Bafa88E83a6D8F757DbFAf8BAf7be8fE08Bf_LoveVote_block295_input,8.0,24,True,False,24,0.0,0.092,PUSH 0 DUP1 PUSH 40 DUP4 DUP6 SUB SLT ISZERO ,8,8.0,3,2,10.0,"['PUSH1', 'DUP1', 'PUSH1', 'DUP4', 'DUP6', 'SUB', 'SLT', 'ISZERO']",10,0.0
234,0x1d29Bafa88E83a6D8F757DbFAf8BAf7be8fE08Bf_LoveVote_block207_input,27.0,106,False,False,134,28.0,50.005,PUSH 40 DUP8 PUSH 0 MSTORE PUSH a PUSH 20 MSTORE PUSH 0 KECCAK256 PUSH ff CALLER PUSH 0 MSTORE DUP8 AND PUSH 20 DUP3 PUSH 5 SWAP2 SWAP10 DUP11 SWAP1 SWAP11 POP MSTORE DUP2 LT ,27,27.0,8,6,36.0,"['PUSH1', 'DUP8', 'DUP2', 'MSTORE', 'PUSH1', 'PUSH1', 'SWAP1', 'DUP2', 'MSTORE', 'PUSH1', 'DUP1', 'DUP4', 'KECCAK256', 'CALLER', 'DUP5', 'MSTORE', 'SWAP1', 'SWAP2', 'MSTORE', 'SWAP1', 'KECCAK256', 'PUSH1', 'DUP8', 'AND', 'PUSH1', 'DUP2', 'LT']",33,-3.0
235,0x1d29Bafa88E83a6D8F757DbFAf8BAf7be8fE08Bf_LoveVote_block203_input,27.0,6495,False,False,6510,15.0,40.005,PUSH 4 PUSH 4 PUSH 4 PUSH 20 MSTORE POP POP PUSH ffffffffffffffffffffffff0000000000000000000000000000000000000000 PUSHTAG 279 PUSH 40 PUSH 0 KECCAK256 PUSH 1 CALLER DUP3 SLOAD DUP4 SWAP6 AND CALLER OR DUP6 SSTORE PUSH 0 MSTORE ADD SLOAD ,27,27.0,11,6,71.0,"['CALLER', 'PUSH1', 'DUP2', 'DUP2', 'MSTORE', 'PUSH1', 'PUSH1', 'MSTORE', 'PUSH1', 'SWAP1', 'KECCAK256', 'DUP1', 'SLOAD', 'PUSH1', 'PUSH1', 'PUSH1', 'SHL', 'SUB', 'NOT', 'AND', 'SWAP1', 'SWAP2', 'OR', 'DUP2', 'SSTORE', 'PUSH1', 'DUP2', 'ADD', 'SLOAD', 'PUSHTAG', 'SWAP1']",43,-28.0
236,0x1d29Bafa88E83a6D8F757DbFAf8BAf7be8fE08Bf_LoveVote_block89_input,9.0,27,True,False,33,6.0,0.031,PUSH 40 MLOAD PUSH 8c379a000000000000000000000000000000000000000000000000000000000 DUP2 MSTORE PUSHTAG 121 SWAP1 PUSH 4 ADD ,9,9.0,4,3,47.0,"['PUSH1', 'MLOAD', 'PUSH3', 'PUSH1', 'SHL', 'DUP2', 'MSTORE', 'PUSH1', 'ADD', 'PUSHTAG', 'SWAP1']",21,-26.0
237,0x1d29Bafa88E83a6D8F757DbFAf8BAf7be8fE08Bf_LoveVote_block310_input,16.0,48,True,False,51,3.0,1.666,PUSH 1c PUSH 20 DUP3 MSTORE DUP2 PUSH 20 ADD MSTORE PUSH 5468652070726f706f73616c20646f6573206e6f742065786973742100000000 PUSH 40 DUP3 ADD MSTORE PUSH 60 ADD SWAP1 ,17,16.0,6,5,53.0,"['PUSH1', 'DUP1', 'DUP3', 'MSTORE', 'PUSH1', 'SWAP1', 'DUP3', 'ADD', 'MSTORE', 'PUSH32', 'PUSH1', 'DUP3', 'ADD', 'MSTORE', 'PUSH1', 'ADD', 'SWAP1']",53,0.0
238,0x1d29Bafa88E83a6D8F757DbFAf8BAf7be8fE08Bf_LoveVote_block332_input,6.0,18,True,False,24,6.0,0.023,PUSH 12 PUSH 4 MSTORE PUSH 4e487b7100000000000000000000000000000000000000000000000000000000 PUSH 0 MSTORE ,6,6.0,2,4,41.0,"['PUSH4', 'PUSH1', 'SHL', 'PUSH1', 'MSTORE', 'PUSH1', 'PUSH1', 'MSTORE']",16,-25.0
239,0x1d29Bafa88E83a6D8F757DbFAf8BAf7be8fE08Bf_LoveVote_block182_input,3.0,7,True,False,10,3.0,0.022,POP POP PUSH 0 ,4,3.0,0,1,4.0,"['PUSH1', 'SWAP2', 'POP', 'POP']",5,1.0
240,0x1d29Bafa88E83a6D8F757DbFAf8BAf7be8fE08Bf_LoveVote_block16_input,3.0,9,True,False,9,0.0,0.018,PUSH db481c50 DUP2 EQ ,3,3.0,1,1,7.0,"['DUP1', 'PUSH4', 'EQ']",7,0.0
241,0x1d29Bafa88E83a6D8F757DbFAf8BAf7be8fE08Bf_LoveVote_block83_input,6.0,18,True,False,18,0.0,0.024,PUSH 40 MLOAD DUP1 SWAP2 SUB SWAP1 ,6,6.0,2,1,7.0,"['PUSH1', 'MLOAD', 'DUP1', 'SWAP2', 'SUB', 'SWAP1']",7,0.0
242,0x1d29Bafa88E83a6D8F757DbFAf8BAf7be8fE08Bf_LoveVote_block279_input,8.0,23,True,False,23,0.0,0.33,DUP4 CALLDATALOAD SWAP3 POP PUSHTAG 396 DUP5 PUSH 20 ADD ,8,8.0,3,1,13.0,"['DUP4', 'CALLDATALOAD', 'SWAP3', 'POP', 'PUSHTAG', 'PUSH1', 'DUP6', 'ADD']",13,0.0
243,0x1d29Bafa88E83a6D8F757DbFAf8BAf7be8fE08Bf_LoveVote_block218_input,6.0,714,True,False,726,12.0,0.023,PUSH 0 SLOAD PUSH ffffffffffffffffffffffffffffffffffffffff AND CALLER EQ ,6,6.0,4,2,27.0,"['PUSH1', 'SLOAD', 'PUSH1', 'PUSH1', 'PUSH1', 'SHL', 'SUB', 'AND', 'CALLER', 'EQ']",14,-13.0
244,0x1d29Bafa88E83a6D8F757DbFAf8BAf7be8fE08Bf_LoveVote_block280_input,10.0,27,True,False,35,8.0,7.318,SWAP4 PUSH 40 ADD CALLDATALOAD SWAP4 SWAP5 POP POP POP SWAP3 ,13,10.0,2,1,11.0,"['SWAP2', 'POP', 'PUSH1', 'DUP5', 'ADD', 'CALLDATALOAD', 'SWAP1', 'POP', 'SWAP3', 'POP', 'SWAP3', 'POP', 'SWAP3']",14,3.0
245,0x1d29Bafa88E83a6D8F757DbFAf8BAf7be8fE08Bf_LoveVote_block28_input,3.0,9,True,False,9,0.0,0.018,PUSH 2b54e80c DUP2 EQ ,3,3.0,1,1,7.0,"['DUP1', 'PUSH4', 'EQ']",7,0.0
246,0x1d29Bafa88E83a6D8F757DbFAf8BAf7be8fE08Bf_LoveVote_block2_input,4.0,10,True,False,10,0.0,0.019,POP PUSH 4 CALLDATASIZE LT ,4,4.0,2,1,5.0,"['POP', 'PUSH1', 'CALLDATASIZE', 'LT']",5,0.0
247,0x1d29Bafa88E83a6D8F757DbFAf8BAf7be8fE08Bf_LoveVote_block107_input,,,False,True,140,,50.012,,29,,8,5,,"['CALLER', 'PUSH1', 'SWAP1', 'DUP2', 'MSTORE', 'PUSH1', 'PUSH1', 'DUP2', 'DUP2', 'MSTORE', 'PUSH1', 'DUP1', 'DUP5', 'KECCAK256', 'DUP10', 'DUP6', 'MSTORE', 'SWAP1', 'SWAP2', 'MSTORE', 'DUP3', 'KECCAK256', 'SWAP1', 'PUSH1', 'DUP5', 'AND', 'SWAP1', 'DUP2', 'LT']",34,
248,0x1d29Bafa88E83a6D8F757DbFAf8BAf7be8fE08Bf_Ownable_block5_input,3.0,9,True,False,9,0.0,0.018,PUSH f2fde38b DUP2 EQ ,3,3.0,1,1,7.0,"['DUP1', 'PUSH4', 'EQ']",7,0.0
249,0x1d29Bafa88E83a6D8F757DbFAf8BAf7be8fE08Bf_LoveVote_block125_input,9.0,27,True,False,33,6.0,0.035,PUSH 40 MLOAD PUSH 8c379a000000000000000000000000000000000000000000000000000000000 DUP2 MSTORE PUSHTAG 121 SWAP1 PUSH 4 ADD ,9,9.0,4,3,47.0,"['PUSH1', 'MLOAD', 'PUSH3', 'PUSH1', 'SHL', 'DUP2', 'MSTORE', 'PUSH1', 'ADD', 'PUSHTAG', 'SWAP1']",21,-26.0
250,0x1d29Bafa88E83a6D8F757DbFAf8BAf7be8fE08Bf_LoveVote_block92_input,9.0,27,True,False,33,6.0,0.033,PUSH 40 MLOAD PUSH 8c379a000000000000000000000000000000000000000000000000000000000 DUP2 MSTORE PUSHTAG 121 SWAP1 PUSH 4 ADD ,9,9.0,4,3,47.0,"['PUSH1', 'MLOAD', 'PUSH3', 'PUSH1', 'SHL', 'DUP2', 'MSTORE', 'PUSH1', 'ADD', 'PUSHTAG', 'SWAP1']",21,-26.0
251,0x1d29Bafa88E83a6D8F757DbFAf8BAf7be8fE08Bf_LoveVote_block122_input,3.0,7,True,False,7,0.0,0.018,SWAP2 POP POP ,3,3.0,0,0,3.0,"['SWAP2', 'POP', 'POP']",3,0.0
252,0x1d29Bafa88E83a6D8F757DbFAf8BAf7be8fE08Bf_LoveVote_block215_input,9.0,27,True,False,33,6.0,0.035,PUSH 40 MLOAD PUSH 8c379a000000000000000000000000000000000000000000000000000000000 DUP2 MSTORE PUSHTAG 121 SWAP1 PUSH 4 ADD ,9,9.0,4,3,47.0,"['PUSH1', 'MLOAD', 'PUSH3', 'PUSH1', 'SHL', 'DUP2', 'MSTORE', 'PUSH1', 'ADD', 'PUSHTAG', 'SWAP1']",21,-26.0
253,0x1d29Bafa88E83a6D8F757DbFAf8BAf7be8fE08Bf_LoveVote_block226_input,3.0,6,True,False,6,0.0,0.018,POP POP POP ,3,3.0,0,0,3.0,"['POP', 'POP', 'POP']",3,0.0
254,0x1d29Bafa88E83a6D8F757DbFAf8BAf7be8fE08Bf_LoveVote_block34_input,7.0,21,True,False,21,0.0,0.037,PUSH 40 MLOAD SWAP1 DUP2 MSTORE PUSH 20 ADD ,7,7.0,3,2,9.0,"['PUSH1', 'MLOAD', 'SWAP1', 'DUP2', 'MSTORE', 'PUSH1', 'ADD']",9,0.0
255,0x1d29Bafa88E83a6D8F757DbFAf8BAf7be8fE08Bf_LoveVote_block242_input,3.0,9,True,False,21,12.0,0.019,DUP1 PUSH ffffffffffffffffffffffffffffffffffffffff AND ,3,3.0,1,1,23.0,"['PUSH1', 'PUSH1', 'PUSH1', 'SHL', 'SUB', 'DUP2', 'AND']",10,-13.0
256,0x1d29Bafa88E83a6D8F757DbFAf8BAf7be8fE08Bf_LoveVote_initial_block6_input,7.0,21,True,False,33,12.0,0.039,DUP2 MLOAD DUP1 PUSH ffffffffffffffffffffffffffffffffffffffff AND DUP2 EQ ,7,7.0,3,1,27.0,"['DUP2', 'MLOAD', 'PUSH1', 'PUSH1', 'PUSH1', 'SHL', 'SUB', 'DUP2', 'AND', 'DUP2', 'EQ']",14,-13.0
257,0x1d29Bafa88E83a6D8F757DbFAf8BAf7be8fE08Bf_LoveVote_block99_input,7.0,718,True,False,718,0.0,0.06,PUSH 0 PUSH 8 DUP4 PUSH 8 SLOAD DUP6 LT ,7,7.0,2,2,10.0,"['PUSH1', 'PUSH1', 'DUP4', 'DUP2', 'SLOAD', 'DUP2', 'LT']",9,-1.0
258,0x1d29Bafa88E83a6D8F757DbFAf8BAf7be8fE08Bf_LoveVote_block118_input,,,False,True,5164,,60.024,,38,,10,6,,"['ADD', 'SSTORE', 'CALLER', 'PUSH1', 'DUP2', 'DUP2', 'MSTORE', 'PUSH1', 'PUSH1', 'DUP2', 'DUP2', 'MSTORE', 'PUSH1', 'DUP1', 'DUP5', 'KECCAK256', 'DUP11', 'DUP6', 'MSTORE', 'SWAP1', 'SWAP2', 'MSTORE', 'SWAP1', 'SWAP2', 'KECCAK256', 'PUSH32', 'SWAP3', 'SWAP2', 'DUP9', 'SWAP2', 'DUP6', 'SWAP2', 'PUSH1', 'DUP4', 'AND', 'SWAP1', 'DUP2', 'LT']",75,
259,0x1d29Bafa88E83a6D8F757DbFAf8BAf7be8fE08Bf_LoveVote_block5_input,3.0,9,True,False,9,0.0,0.017,PUSH e520251a DUP2 EQ ,3,3.0,1,1,7.0,"['DUP1', 'PUSH4', 'EQ']",7,0.0
260,0x1d29Bafa88E83a6D8F757DbFAf8BAf7be8fE08Bf_LoveVote_block327_input,3.0,8,True,False,8,0.0,0.018,POP SUB SWAP1 ,3,3.0,1,0,3.0,"['POP', 'SUB', 'SWAP1']",3,0.0
261,0x1d29Bafa88E83a6D8F757DbFAf8BAf7be8fE08Bf_LoveVote_block123_input,5.0,10,True,False,10,0.0,0.028,POP POP POP POP POP ,5,5.0,0,0,5.0,"['POP', 'POP', 'POP', 'POP', 'POP']",5,0.0
262,0x1d29Bafa88E83a6D8F757DbFAf8BAf7be8fE08Bf_Context_initial_block0_input,6.0,16,True,False,17,1.0,0.021,PUSH 80 PUSH 40 MSTORE CALLVALUE CALLVALUE ISZERO ,6,6.0,3,2,8.0,"['PUSH1', 'PUSH1', 'MSTORE', 'CALLVALUE', 'DUP1', 'ISZERO']",8,0.0
263,0x1d29Bafa88E83a6D8F757DbFAf8BAf7be8fE08Bf_LoveVote_block110_input,,,False,True,149,,50.013,,32,,9,5,,"['CALLER', 'PUSH1', 'DUP2', 'DUP2', 'MSTORE', 'PUSH1', 'PUSH1', 'DUP2', 'DUP2', 'MSTORE', 'PUSH1', 'DUP1', 'DUP5', 'KECCAK256', 'DUP11', 'DUP6', 'MSTORE', 'SWAP1', 'SWAP2', 'MSTORE', 'SWAP1', 'SWAP2', 'KECCAK256', 'PUSHTAG', 'SWAP3', 'SWAP2', 'PUSH1', 'DUP6', 'AND', 'SWAP1', 'DUP2', 'LT']",41,
264,0x1d29Bafa88E83a6D8F757DbFAf8BAf7be8fE08Bf_Ownable_initial_block0_input,6.0,16,True,False,17,1.0,0.024,PUSH 80 PUSH 40 MSTORE CALLVALUE CALLVALUE ISZERO ,6,6.0,3,2,8.0,"['PUSH1', 'PUSH1', 'MSTORE', 'CALLVALUE', 'DUP1', 'ISZERO']",8,0.0
265,0x1d29Bafa88E83a6D8F757DbFAf8BAf7be8fE08Bf_LoveVote_block219_input,9.0,27,True,False,33,6.0,0.033,PUSH 40 MLOAD PUSH 8c379a000000000000000000000000000000000000000000000000000000000 DUP2 MSTORE PUSHTAG 121 SWAP1 PUSH 4 ADD ,9,9.0,4,3,47.0,"['PUSH1', 'MLOAD', 'PUSH3', 'PUSH1', 'SHL', 'DUP2', 'MSTORE', 'PUSH1', 'ADD', 'PUSHTAG', 'SWAP1']",21,-26.0
266,0x1d29Bafa88E83a6D8F757DbFAf8BAf7be8fE08Bf_LoveVote_block42_input,16.0,1469,True,False,1499,30.0,6.115,PUSH 1 PUSH 40 PUSH 0 KECCAK256 DUP1 SLOAD PUSH ffffffffffffffffffffffffffffffffffffffff AND SWAP3 PUSH 0 MSTORE PUSH 4 PUSH 20 MSTORE ADD SLOAD ,22,16.0,7,6,42.0,"['PUSH1', 'PUSH1', 'MSTORE', 'PUSH1', 'SWAP1', 'DUP2', 'MSTORE', 'PUSH1', 'SWAP1', 'KECCAK256', 'DUP1', 'SLOAD', 'PUSH1', 'SWAP1', 'SWAP2', 'ADD', 'SLOAD', 'PUSH1', 'PUSH1', 'PUSH1', 'SHL', 'SUB', 'SWAP1', 'SWAP2', 'AND', 'SWAP1']",34,-8.0
267,0x1d29Bafa88E83a6D8F757DbFAf8BAf7be8fE08Bf_LoveVote_block181.1_input,3.0,7,True,False,10,3.0,0.02,POP POP PUSH 1 ,4,3.0,0,1,4.0,"['PUSH1', 'SWAP2', 'POP', 'POP']",5,1.0
268,0x1d29Bafa88E83a6D8F757DbFAf8BAf7be8fE08Bf_LoveVote_block190_input,4.0,12,True,False,12,0.0,0.02,PUSH de0b6b3a7640000 DUP3 LT ISZERO ,4,4.0,2,1,12.0,"['PUSH8', 'DUP3', 'LT', 'ISZERO']",12,0.0
269,0x1d29Bafa88E83a6D8F757DbFAf8BAf7be8fE08Bf_LoveVote_block154_input,2.0,4,True,False,4,0.0,0.017,POP POP ,2,2.0,0,0,2.0,"['POP', 'POP']",2,0.0
270,0x1d29Bafa88E83a6D8F757DbFAf8BAf7be8fE08Bf_LoveVote_block147_input,2.0,4,True,False,4,0.0,0.016,POP POP ,2,2.0,0,0,2.0,"['POP', 'POP']",2,0.0
271,0x1d29Bafa88E83a6D8F757DbFAf8BAf7be8fE08Bf_LoveVote_block281_input,7.0,21,True,False,21,0.0,0.047,PUSH 0 PUSH 20 DUP3 DUP5 SUB SLT ISZERO ,7,7.0,3,2,9.0,"['PUSH1', 'PUSH1', 'DUP3', 'DUP5', 'SUB', 'SLT', 'ISZERO']",9,0.0
272,0x1d29Bafa88E83a6D8F757DbFAf8BAf7be8fE08Bf_LoveVote_block140_input,10.0,727,True,False,736,9.0,1.088,PUSH 0 PUSHTAG 204 PUSH 2 DUP4 ADD SLOAD PUSH 2 PUSH ffffffff PUSHTAG 205 AND ,13,10.0,5,3,25.0,"['PUSH1', 'PUSHTAG', 'PUSH1', 'DUP4', 'PUSH1', 'ADD', 'SLOAD', 'PUSHTAG', 'SWAP1', 'SWAP2', 'SWAP1', 'PUSH4', 'AND']",28,3.0
273,0x1d29Bafa88E83a6D8F757DbFAf8BAf7be8fE08Bf_LoveVote_block269_input,9.0,20,True,False,20,0.0,0.102,SWAP8 SWAP7 POP POP POP POP POP POP POP ,9,9.0,0,0,9.0,"['SWAP8', 'SWAP7', 'POP', 'POP', 'POP', 'POP', 'POP', 'POP', 'POP']",9,0.0
274,0x1d29Bafa88E83a6D8F757DbFAf8BAf7be8fE08Bf_LoveVote_block161_input,,,False,True,5133,,20.0,,70,,24,12,,"['PUSH1', 'SWAP2', 'DUP3', 'MSTORE', 'PUSH1', 'SWAP1', 'SWAP2', 'KECCAK256', 'PUSH1', 'SWAP1', 'SWAP2', 'MUL', 'ADD', 'DUP1', 'SLOAD', 'PUSH1', 'DUP3', 'ADD', 'SLOAD', 'PUSH1', 'DUP4', 'ADD', 'SLOAD', 'PUSH1', 'DUP5', 'ADD', 'SLOAD', 'PUSH1', 'DUP6', 'ADD', 'SLOAD', 'PUSH1', 'DUP7', 'ADD', 'SLOAD', 'PUSH1', 'SWAP1', 'SWAP7', 'ADD', 'SLOAD', 'PUSH1', 'DUP1', 'DUP8', 'AND', 'SWAP9', 'POP', 'PUSH1', 'PUSH1', 'PUSH1', 'SHL', 'SUB', 'PUSH2', 'SWAP8', 'DUP9', 'SWAP1', 'DIV', 'AND', 'SWAP8', 'SWAP6', 'SWAP7', 'SWAP5', 'SWAP6', 'DUP5', 'DUP3', 'AND', 'SWAP6', 'SWAP1', 'SWAP5', 'DIV', 'DUP2', 'AND', 'SWAP4', 'SWAP2', 'AND']",89,
275,0x1d29Bafa88E83a6D8F757DbFAf8BAf7be8fE08Bf_LoveVote_block217_input,1.0,2,True,False,2,0.0,0.013,POP ,1,1.0,0,0,1.0,['POP'],1,0.0
276,0x1d29Bafa88E83a6D8F757DbFAf8BAf7be8fE08Bf_LoveVote_block18_input,3.0,9,True,False,9,0.0,0.014,DUP1 PUSH 8da5cb5b GT ,3,3.0,1,1,7.0,"['DUP1', 'PUSH4', 'GT']",7,0.0
277,0x1d29Bafa88E83a6D8F757DbFAf8BAf7be8fE08Bf_LoveVote_block15_input,3.0,9,True,False,9,0.0,0.02,PUSH d473dd7c DUP2 EQ ,3,3.0,1,1,7.0,"['DUP1', 'PUSH4', 'EQ']",7,0.0
278,0x1d29Bafa88E83a6D8F757DbFAf8BAf7be8fE08Bf_LoveVote_block272_input,3.0,9,True,False,9,0.0,0.019,DUP3 MLOAD ISZERO ,3,3.0,2,0,3.0,"['DUP3', 'MLOAD', 'ISZERO']",3,0.0
279,0x1d29Bafa88E83a6D8F757DbFAf8BAf7be8fE08Bf_Address_initial_block0.0_input,6.0,18,True,False,18,0.0,0.04,PUSH#[$] 0 PUSH[$] 0 PUSH b PUSH#[$] 0 PUSH[$] 0 PUSH b ,6,6.0,2,1,24.0,"['PUSH#[$]', 'PUSH[$]', 'PUSH1', 'DUP3', 'DUP3', 'DUP3']",15,-9.0
280,0x1d29Bafa88E83a6D8F757DbFAf8BAf7be8fE08Bf_LoveVote_block244.1_input,10.0,5724,True,False,5769,45.0,0.711,PUSH ffffffffffffffffffffffffffffffffffffffff SWAP1 AND PUSH ffffffffffffffffffffffff0000000000000000000000000000000000000000 PUSH 0 SLOAD AND OR PUSH 0 SSTORE ,17,10.0,5,3,64.0,"['PUSH1', 'DUP1', 'SLOAD', 'PUSH1', 'PUSH1', 'PUSH1', 'SHL', 'SUB', 'NOT', 'AND', 'PUSH1', 'PUSH1', 'PUSH1', 'SHL', 'SUB', 'SWAP3', 'SWAP1', 'SWAP3', 'AND', 'SWAP2', 'SWAP1', 'SWAP2', 'OR', 'SWAP1', 'SSTORE']",32,-32.0
281,0x1d29Bafa88E83a6D8F757DbFAf8BAf7be8fE08Bf_LoveVote_block7_input,3.0,9,True,False,9,0.0,0.018,PUSH f2308476 DUP2 EQ ,3,3.0,1,1,7.0,"['DUP1', 'PUSH4', 'EQ']",7,0.0
282,0x1d29Bafa88E83a6D8F757DbFAf8BAf7be8fE08Bf_SafeMath_block0_input,6.0,17,True,False,17,0.0,0.025,ADDRESS PUSHDEPLOYADDRESS EQ PUSH 80 PUSH 40 MSTORE ,6,6.0,4,2,28.0,"['PUSHDEPLOYADDRESS', 'ADDRESS', 'EQ', 'PUSH1', 'PUSH1', 'MSTORE']",28,0.0
283,0x1d29Bafa88E83a6D8F757DbFAf8BAf7be8fE08Bf_LoveVote_initial_block0_input,9.0,5022,True,False,5023,1.0,0.024,PUSH 69e10de76676d0800000 PUSH 1 SSTORE PUSH 80 PUSH 40 MSTORE CALLVALUE CALLVALUE ISZERO ,9,9.0,4,4,22.0,"['PUSH1', 'PUSH1', 'MSTORE', 'PUSH10', 'PUSH1', 'SSTORE', 'CALLVALUE', 'DUP1', 'ISZERO']",22,0.0
284,0x1d29Bafa88E83a6D8F757DbFAf8BAf7be8fE08Bf_LoveVote_block257_input,1.0,2,True,False,2,0.0,0.014,POP ,1,1.0,0,0,1.0,['POP'],1,0.0
285,0x1d29Bafa88E83a6D8F757DbFAf8BAf7be8fE08Bf_LoveVote_block253_input,3.0,7,True,False,7,0.0,0.02,SWAP2 POP POP ,3,3.0,0,0,3.0,"['SWAP2', 'POP', 'POP']",3,0.0
286,0x1d29Bafa88E83a6D8F757DbFAf8BAf7be8fE08Bf_LoveVote_block81_input,5.0,712,True,False,715,3.0,0.033,DUP1 PUSH 8 SLOAD DUP3 LT ,6,5.0,2,1,6.0,"['PUSH1', 'SLOAD', 'DUP2', 'SWAP1', 'DUP2', 'LT']",7,1.0
287,0x1d29Bafa88E83a6D8F757DbFAf8BAf7be8fE08Bf_LoveVote_block341_input,6.0,16,True,False,16,0.0,0.031,POP POP PUSH 0 SWAP2 ADD MSTORE ,6,6.0,2,1,7.0,"['POP', 'POP', 'PUSH1', 'SWAP2', 'ADD', 'MSTORE']",7,0.0
288,0x1d29Bafa88E83a6D8F757DbFAf8BAf7be8fE08Bf_LoveVote_block264_input,10.0,30,True,False,48,18.0,1.463,PUSH 0 DUP1 PUSH ffffffffffffffffffffffffffffffffffffffff DUP8 AND DUP6 PUSHTAG 372 DUP9 PUSH 40 MLOAD ,12,10.0,3,3,36.0,"['PUSH1', 'DUP1', 'DUP7', 'PUSH1', 'PUSH1', 'PUSH1', 'SHL', 'SUB', 'AND', 'DUP6', 'DUP8', 'PUSH1', 'MLOAD', 'PUSHTAG', 'SWAP2', 'SWAP1']",25,-11.0
289,0x1d29Bafa88E83a6D8F757DbFAf8BAf7be8fE08Bf_LoveVote_initial_block8_input,5.0,12,True,False,12,0.0,0.026,SWAP3 POP POP POP SWAP1 ,5,5.0,0,0,5.0,"['SWAP4', 'SWAP3', 'POP', 'POP', 'POP']",5,0.0
290,0x1d29Bafa88E83a6D8F757DbFAf8BAf7be8fE08Bf_LoveVote_block246_input,5.0,14,True,False,17,3.0,0.032,SWAP1 POP DUP1 MLOAD ISZERO ,6,5.0,2,0,5.0,"['DUP1', 'MLOAD', 'SWAP1', 'SWAP2', 'POP', 'ISZERO']",6,1.0
291,0x1d29Bafa88E83a6D8F757DbFAf8BAf7be8fE08Bf_LoveVote_block249_input,27.0,81,True,False,93,12.0,27.353,PUSH 40 MLOAD PUSH 2a DUP2 PUSH 8c379a000000000000000000000000000000000000000000000000000000000 DUP2 MSTORE PUSH 20 PUSH 4 DUP5 ADD MSTORE PUSH 24 ADD MSTORE PUSH 6f74207375636365656400000000000000000000000000000000000000000000 PUSH 64 PUSH 5361666545524332303a204552433230206f7065726174696f6e20646964206e DUP4 PUSH 44 ADD MSTORE DUP3 ADD MSTORE PUSH 84 ADD ,27,27.0,11,11,131.0,"['PUSH1', 'MLOAD', 'PUSH3', 'PUSH1', 'SHL', 'DUP2', 'MSTORE', 'PUSH1', 'PUSH1', 'DUP3', 'ADD', 'MSTORE', 'PUSH1', 'PUSH1', 'DUP3', 'ADD', 'MSTORE', 'PUSH32', 'PUSH1', 'DUP3', 'ADD', 'MSTORE', 'PUSH10', 'PUSH1', 'SHL', 'PUSH1', 'DUP3', 'ADD', 'MSTORE', 'PUSH1', 'ADD']",86,-45.0
292,0x1d29Bafa88E83a6D8F757DbFAf8BAf7be8fE08Bf_LoveVote_block239_input,22.0,66,True,False,72,6.0,2.13,PUSH 40 MLOAD PUSH 20 PUSH 8c379a000000000000000000000000000000000000000000000000000000000 DUP3 MSTORE DUP2 PUSH 4 ADD MSTORE PUSH 536166654d6174683a206164646974696f6e206f766572666c6f770000000000 PUSH 1b PUSH 24 DUP4 ADD MSTORE PUSH 44 DUP3 ADD MSTORE PUSH 64 ADD ,22,22.0,9,9,93.0,"['PUSH1', 'MLOAD', 'PUSH3', 'PUSH1', 'SHL', 'DUP2', 'MSTORE', 'PUSH1', 'PUSH1', 'DUP3', 'ADD', 'MSTORE', 'PUSH1', 'PUSH1', 'DUP3', 'ADD', 'MSTORE', 'PUSH32', 'PUSH1', 'DUP3', 'ADD', 'MSTORE', 'PUSH1', 'ADD']",67,-26.0
293,0x1d29Bafa88E83a6D8F757DbFAf8BAf7be8fE08Bf_LoveVote_block113_input,,,False,True,146,,49.989,,31,,9,5,,"['CALLER', 'PUSH1', 'SWAP1', 'DUP2', 'MSTORE', 'PUSH1', 'PUSH1', 'DUP2', 'DUP2', 'MSTORE', 'PUSH1', 'DUP1', 'DUP5', 'KECCAK256', 'DUP10', 'DUP6', 'MSTORE', 'SWAP1', 'SWAP2', 'MSTORE', 'SWAP1', 'SWAP2', 'KECCAK256', 'PUSHTAG', 'SWAP2', 'PUSH1', 'DUP5', 'AND', 'SWAP1', 'DUP2', 'LT']",40,
294,0x1d29Bafa88E83a6D8F757DbFAf8BAf7be8fE08Bf_LoveVote_block251_input,10.0,30,True,False,36,6.0,0.137,PUSH 40 MLOAD PUSH 8c379a000000000000000000000000000000000000000000000000000000000 DUP2 MSTORE PUSH 4 ADD SWAP1 PUSHTAG 121 SWAP2 ,10,10.0,4,3,48.0,"['PUSH1', 'MLOAD', 'PUSH3', 'PUSH1', 'SHL', 'DUP2', 'MSTORE', 'PUSH1', 'ADD', 'PUSHTAG', 'SWAP2', 'SWAP1']",22,-26.0
295,0x1d29Bafa88E83a6D8F757DbFAf8BAf7be8fE08Bf_SafeMath_initial_block0.0_input,6.0,18,True,False,18,0.0,0.044,PUSH#[$] 0 PUSH[$] 0 PUSH b PUSH#[$] 0 PUSH[$] 0 PUSH b ,6,6.0,2,1,24.0,"['PUSH#[$]', 'PUSH[$]', 'PUSH1', 'DUP3', 'DUP3', 'DUP3']",15,-9.0
296,0x1d29Bafa88E83a6D8F757DbFAf8BAf7be8fE08Bf_LoveVote_block261_input,27.0,81,True,False,93,12.0,40.94,PUSH 40 MLOAD PUSH 8c379a000000000000000000000000000000000000000000000000000000000 DUP2 MSTORE PUSH 20 DUP2 PUSH 4 ADD MSTORE PUSH 722063616c6c0000000000000000000000000000000000000000000000000000 PUSH 64 PUSH 26 PUSH 24 DUP5 ADD MSTORE PUSH 416464726573733a20696e73756666696369656e742062616c616e636520666f PUSH 44 DUP5 ADD MSTORE DUP3 ADD MSTORE PUSH 84 ADD ,27,27.0,11,11,131.0,"['PUSH1', 'MLOAD', 'PUSH3', 'PUSH1', 'SHL', 'DUP2', 'MSTORE', 'PUSH1', 'PUSH1', 'DUP3', 'ADD', 'MSTORE', 'PUSH1', 'PUSH1', 'DUP3', 'ADD', 'MSTORE', 'PUSH32', 'PUSH1', 'DUP3', 'ADD', 'MSTORE', 'PUSH6', 'PUSH1', 'SHL', 'PUSH1', 'DUP3', 'ADD', 'MSTORE', 'PUSH1', 'ADD']",82,-49.0
297,0x1d29Bafa88E83a6D8F757DbFAf8BAf7be8fE08Bf_LoveVote_block138_input,9.0,27,True,False,33,6.0,0.032,PUSH 40 MLOAD PUSH 8c379a000000000000000000000000000000000000000000000000000000000 DUP2 MSTORE PUSHTAG 121 SWAP1 PUSH 4 ADD ,9,9.0,4,3,47.0,"['PUSH1', 'MLOAD', 'PUSH3', 'PUSH1', 'SHL', 'DUP2', 'MSTORE', 'PUSH1', 'ADD', 'PUSHTAG', 'SWAP1']",21,-26.0
298,0x1d29Bafa88E83a6D8F757DbFAf8BAf7be8fE08Bf_LoveVote_block24_input,3.0,9,True,False,9,0.0,0.018,PUSH bcb39089 DUP2 EQ ,3,3.0,1,1,7.0,"['DUP1', 'PUSH4', 'EQ']",7,0.0
299,0x1d29Bafa88E83a6D8F757DbFAf8BAf7be8fE08Bf_LoveVote_block63_input,9.0,27,True,False,27,0.0,0.1,ISZERO ISZERO PUSH 40 MLOAD SWAP1 DUP2 MSTORE PUSH 20 ADD ,9,9.0,5,2,11.0,"['PUSH1', 'MLOAD', 'SWAP1', 'ISZERO', 'ISZERO', 'DUP2', 'MSTORE', 'PUSH1', 'ADD']",11,0.0
300,0x1d29Bafa88E83a6D8F757DbFAf8BAf7be8fE08Bf_Ownable_block20_input,3.0,9,True,False,21,12.0,0.023,DUP1 PUSH ffffffffffffffffffffffffffffffffffffffff AND ,3,3.0,1,1,23.0,"['PUSH1', 'PUSH1', 'PUSH1', 'SHL', 'SUB', 'DUP2', 'AND']",10,-13.0
301,0x1d29Bafa88E83a6D8F757DbFAf8BAf7be8fE08Bf_LoveVote_block133_input,6.0,714,True,False,714,0.0,0.037,TIMESTAMP PUSH 5 DUP3 ADD SLOAD LT ,6,6.0,4,1,7.0,"['TIMESTAMP', 'DUP2', 'PUSH1', 'ADD', 'SLOAD', 'LT']",7,0.0
302,0x1d29Bafa88E83a6D8F757DbFAf8BAf7be8fE08Bf_LoveVote_block183_input,10.0,22,True,False,22,0.0,0.133,SWAP8 POP POP POP POP POP POP POP POP SWAP1 ,10,10.0,0,0,10.0,"['SWAP9', 'SWAP8', 'POP', 'POP', 'POP', 'POP', 'POP', 'POP', 'POP', 'POP']",10,0.0
303,0x1d29Bafa88E83a6D8F757DbFAf8BAf7be8fE08Bf_LoveVote_block13_input,3.0,9,True,False,9,0.0,0.021,PUSH cff3a675 DUP2 EQ ,3,3.0,1,1,7.0,"['DUP1', 'PUSH4', 'EQ']",7,0.0
304,0x1d29Bafa88E83a6D8F757DbFAf8BAf7be8fE08Bf_LoveVote_block14_input,3.0,9,True,False,9,0.0,0.018,PUSH d1dbe7d8 DUP2 EQ ,3,3.0,1,1,7.0,"['DUP1', 'PUSH4', 'EQ']",7,0.0
305,0x1d29Bafa88E83a6D8F757DbFAf8BAf7be8fE08Bf_LoveVote_block191_input,22.0,66,True,False,72,6.0,2.407,PUSH 40 MLOAD PUSH 20 PUSH 8c379a000000000000000000000000000000000000000000000000000000000 DUP3 MSTORE DUP2 PUSH 4 ADD MSTORE PUSH 4174206c65617374206f6e6520766f746520617420612074696d652100000000 PUSH 1c PUSH 24 DUP4 ADD MSTORE PUSH 44 DUP3 ADD MSTORE PUSH 64 ADD ,22,22.0,9,9,93.0,"['PUSH1', 'MLOAD', 'PUSH3', 'PUSH1', 'SHL', 'DUP2', 'MSTORE', 'PUSH1', 'PUSH1', 'DUP3', 'ADD', 'MSTORE', 'PUSH1', 'PUSH1', 'DUP3', 'ADD', 'MSTORE', 'PUSH32', 'PUSH1', 'DUP3', 'ADD', 'MSTORE', 'PUSH1', 'ADD']",67,-26.0
306,0x1d29Bafa88E83a6D8F757DbFAf8BAf7be8fE08Bf_Ownable_block15.1_input,7.0,5715,True,False,5730,15.0,0.054,PUSH 0 PUSH ffffffffffffffffffffffff0000000000000000000000000000000000000000 SWAP1 SLOAD AND PUSH 0 SSTORE ,8,7.0,3,2,41.0,"['PUSH1', 'DUP1', 'SLOAD', 'PUSH1', 'PUSH1', 'PUSH1', 'SHL', 'SUB', 'NOT', 'AND', 'SWAP1', 'SSTORE']",16,-25.0
307,0x1d29Bafa88E83a6D8F757DbFAf8BAf7be8fE08Bf_LoveVote_block84_input,7.0,718,True,False,718,0.0,0.061,PUSH 0 PUSH 8 DUP4 PUSH 8 SLOAD DUP6 LT ,7,7.0,2,2,10.0,"['PUSH1', 'PUSH1', 'DUP4', 'DUP2', 'SLOAD', 'DUP2', 'LT']",9,-1.0
308,0x1d29Bafa88E83a6D8F757DbFAf8BAf7be8fE08Bf_LoveVote_block243_input,27.0,81,True,False,93,12.0,38.717,PUSH 40 MLOAD PUSH 8c379a000000000000000000000000000000000000000000000000000000000 DUP2 MSTORE PUSH 20 DUP2 PUSH 4 ADD MSTORE PUSH 6464726573730000000000000000000000000000000000000000000000000000 PUSH 64 PUSH 26 PUSH 24 DUP5 ADD MSTORE PUSH 4f776e61626c653a206e6577206f776e657220697320746865207a65726f2061 PUSH 44 DUP5 ADD MSTORE DUP3 ADD MSTORE PUSH 84 ADD ,27,27.0,11,11,131.0,"['PUSH1', 'MLOAD', 'PUSH3', 'PUSH1', 'SHL', 'DUP2', 'MSTORE', 'PUSH1', 'PUSH1', 'DUP3', 'ADD', 'MSTORE', 'PUSH1', 'PUSH1', 'DUP3', 'ADD', 'MSTORE', 'PUSH32', 'PUSH1', 'DUP3', 'ADD', 'MSTORE', 'PUSH6', 'PUSH1', 'SHL', 'PUSH1', 'DUP3', 'ADD', 'MSTORE', 'PUSH1', 'ADD']",82,-49.0
309,0x1d29Bafa88E83a6D8F757DbFAf8BAf7be8fE08Bf_LoveVote_block250_input,6.0,18,True,False,18,0.0,0.04,PUSH 0 DUP2 DUP5 DUP5 GT ISZERO ,6,6.0,2,1,7.0,"['PUSH1', 'DUP2', 'DUP5', 'DUP5', 'GT', 'ISZERO']",7,0.0
310,0x1d29Bafa88E83a6D8F757DbFAf8BAf7be8fE08Bf_LoveVote_block174_input,23.0,788,False,False,790,2.0,30.007,NUMBER SWAP2 POP NUMBER PUSH 40 PUSH 0 KECCAK256 PUSH 6 PUSH 20 PUSH 1 SWAP4 POP MSTORE ADD SLOAD PUSH 1fa40 SWAP2 SWAP3 CALLER PUSH 0 MSTORE PUSHTAG 241 SWAP2 ,23,23.0,8,6,36.0,"['CALLER', 'PUSH1', 'SWAP1', 'DUP2', 'MSTORE', 'PUSH1', 'PUSH1', 'MSTORE', 'PUSH1', 'SWAP1', 'KECCAK256', 'PUSH1', 'ADD', 'SLOAD', 'SWAP1', 'SWAP2', 'POP', 'PUSH3', 'SWAP1', 'PUSHTAG', 'SWAP1', 'NUMBER', 'SWAP1']",35,-1.0
311,0x1d29Bafa88E83a6D8F757DbFAf8BAf7be8fE08Bf_LoveVote_block202_input,30.0,5810,False,False,5850,40.0,60.001,PUSH 40 PUSH 0 KECCAK256 DUP1 PUSH 20 PUSH 9 PUSH 20 MSTORE MSTORE SSTORE PUSHTAG 277 PUSH 2 SLOAD PUSH 0 DUP7 PUSH ff AND DUP9 PUSH 0 SWAP1 SWAP10 PUSH ffffffffffffffffffffffffffffffffffffffff SWAP2 MSTORE SWAP2 MSTORE AND DUP4 SWAP4 POP ,30,30.0,10,7,63.0,"['PUSH1', 'DUP7', 'DUP2', 'MSTORE', 'PUSH1', 'PUSH1', 'SWAP1', 'DUP2', 'MSTORE', 'PUSH1', 'DUP1', 'DUP4', 'KECCAK256', 'PUSH1', 'DUP10', 'AND', 'DUP5', 'MSTORE', 'SWAP1', 'SWAP2', 'MSTORE', 'SWAP1', 'KECCAK256', 'SSTORE', 'PUSH1', 'SLOAD', 'PUSHTAG', 'SWAP1', 'PUSH1', 'PUSH1', 'PUSH1', 'SHL', 'SUB', 'AND']",47,-16.0
